SYMBOL,SECTOR,MARKET_CAP
20MICRONS,Basic Materials,546.45
21STCENMGM,Financial Services,30.03
360ONE,Financial Services,37740.41
3IINFOLTD,Technology,316.12
3MINDIA,Industrials,32961.59
3PLAND,Other,0.0
5PAISA,Financial Services,903.49
5PAISA-RE,Other,0.0
63MOONS,Technology,2315.82
A2ZINFRA,Industrials,289.54
AAATECH,Technology,123.48
AADHARHFC,Financial Services,19881.16
AAKASH,Energy,83.73
AAREYDRUGS,Healthcare,167.88
AARNAV,,0.0
AARON,Industrials,304.5
AARTECH,Industrials,141.12
AARTIDRUGS,Healthcare,3259.01
AARTIIND,Basic Materials,14614.72
AARTIPHARM,Healthcare,5898.93
AARTISURF,Basic Materials,319.66
AARVI,Industrials,187.67
AAVAS,Financial Services,8921.33
ABB,Industrials,132853.07
ABBOTINDIA,Healthcare,54620.6
ABCAPITAL,Financial Services,80907.29
ABCOTS,Consumer Cyclical,892.93
ABDL,Consumer Defensive,11750.62
ABFRL,Consumer Cyclical,7013.69
ABINFRA,Industrials,1012.48
ABLBL,Consumer Cyclical,11898.3
ABMINTLLTD,Basic Materials,41.09
ABREL,Real Estate,13081.36
ABSLAMC,Financial Services,26863.31
ACC,Basic Materials,25163.49
ACCELYA,Technology,1681.51
ACCURACY,Industrials,73.62
ACE,Industrials,9938.4
ACEINTEG,Industrials,18.65
ACI,Basic Materials,7095.15
ACL,Basic Materials,456.81
ACMESOLAR,Utilities,16778.82
ACUTAAS,Basic Materials,18126.27
ADANIENSOL,Utilities,118614.13
ADANIENT,Energy,256329.46
ADANIGREEN,Utilities,152421.44
ADANIPORTS,Industrials,318176.76
ADANIPOWER,Utilities,315056.8
ADFFOODS,Consumer Defensive,1931.07
ADL,Consumer Cyclical,36.65
ADOR,Industrials,1482.37
ADROITINFO,Technology,51.37
ADSL,Technology,594.13
ADVAIT,Industrials,1941.18
ADVANCE,Basic Materials,612.77
ADVANIHOTR,Consumer Cyclical,471.9
ADVENTHTL,Consumer Cyclical,771.76
ADVENZYMES,Basic Materials,3149.62
AEGISLOG,Energy,20638.8
AEGISVOPAK,Energy,19337.78
AEPL,Industrials,0.0
AEQUS,Industrials,8058.64
AEROENTER,Basic Materials,852.77
AEROFLEX,Industrials,3253.82
AERONEU,Consumer Cyclical,204.16
AETHER,Basic Materials,14405.41
AFCONS,Industrials,10627.14
AFFLE,Communication Services,19792.47
AFFORDABLE,Industrials,177.35
AFIL,Financial Services,376.39
AFSL,Financial Services,1022.88
AGARIND,Basic Materials,545.14
AGARWALEYE,Healthcare,13760.53
AGI,Consumer Cyclical,3234.22
AGIIL,Real Estate,3914.29
AGRITECH,Consumer Defensive,64.2
AGROPHOS,Basic Materials,64.65
AGSTRA,Technology,37.24
AHCL,Healthcare,623.79
AHLADA,Industrials,51.37
AHLEAST,Consumer Cyclical,287.79
AHLUCONT,Industrials,4862.96
AHLWEST,Consumer Cyclical,175.98
AIAENG,Industrials,34396.95
AIIL,Financial Services,35009.32
AIRAN,Technology,195.41
AIROLAM,Consumer Cyclical,127.52
AJANTPHARM,Healthcare,33894.06
AJAXENGG,Industrials,5108.84
AJMERA,Real Estate,2241.02
AJOONI,Consumer Defensive,70.45
AKASH,Industrials,43.32
AKG,Industrials,33.49
AKI,Consumer Cyclical,50.05
AKSHAR,Consumer Cyclical,37.8
AKSHARCHEM,Basic Materials,138.71
AKSHOPTFBR,Technology,80.05
AKUMS,Healthcare,7500.07
AKZOINDIA,Basic Materials,13571.92
ALANKIT,Technology,238.47
ALBERTDAVD,Healthcare,378.47
ALEMBICLTD,Real Estate,2073.77
ALGOQUANT,Financial Services,1455.23
ALICON,Industrials,997.85
ALIVUS,Healthcare,12796.21
ALKALI,Basic Materials,63.66
ALKEM,Healthcare,61845.0
ALKYLAMINE,Basic Materials,6823.64
ALLCARGO,Industrials,1182.88
ALLDIGI,Industrials,1225.47
ALLTIME,Consumer Defensive,1330.2
ALMONDZ,Financial Services,230.95
ALOKINDS,Consumer Cyclical,6241.31
ALPA,Healthcare,145.85
ALPHAGEO,Energy,145.58
AMAGI,Technology,6927.17
AMANTA,Healthcare,419.12
AMBER,Consumer Cyclical,22640.56
AMBICAAGAR,Consumer Defensive,39.49
AMBIKCO,Consumer Cyclical,748.14
AMBUJACEM,Basic Materials,103927.81
AMDIND,Consumer Cyclical,77.91
AMIRCHAND,Consumer Defensive,0.0
AMJLAND,Real Estate,168.22
AMNPLST,Basic Materials,820.46
AMRUTANJAN,Healthcare,1479.11
ANANDRATHI,Financial Services,27338.01
ANANTRAJ,Real Estate,16543.61
ANDHRAPAP,Basic Materials,1211.2
ANDHRSUGAR,Basic Materials,1008.49
ANGELONE,Financial Services,22418.22
ANIKINDS,Consumer Defensive,108.32
ANKITMETAL,Basic Materials,20.88
ANMOL,Energy,61.83
ANSALAPI,Real Estate,49.27
ANTELOPUS,Energy,2462.56
ANTGRAPHIC,Consumer Cyclical,12.56
ANTHEM,Healthcare,37477.55
ANUHPHR,Healthcare,735.34
ANUP,Industrials,3502.29
ANURAS,Basic Materials,14181.97
APARINDS,Industrials,40780.34
APCL,Basic Materials,319.04
APCOTEXIND,Basic Materials,1879.64
APEX,Consumer Defensive,1188.91
APLAPOLLO,Basic Materials,52494.1
APLLTD,Healthcare,13597.68
APOLLO,Industrials,7447.2
APOLLOHOSP,Healthcare,105343.83
APOLLOPIPE,Industrials,1866.16
APOLLOTYRE,Consumer Cyclical,26146.69
APOLSINHOT,Industrials,263.84
APTECHT,Consumer Defensive,451.49
APTUS,Financial Services,10002.84
AQYLON,Communication Services,1050.72
ARCHIDPLY,Basic Materials,143.86
ARCHIES,Consumer Cyclical,45.67
ARE&M,Industrials,13247.0
ARENTERP,Basic Materials,11.44
ARFIN,Basic Materials,1300.18
ARIES,Basic Materials,470.63
ARIHANTCAP,Financial Services,702.43
ARIHANTSUP,Real Estate,945.39
ARIS,Industrials,884.49
ARKADE,Real Estate,1994.4
ARMANFIN,Financial Services,1627.51
AROGRANITE,Industrials,34.33
ARROWGREEN,Consumer Cyclical,806.46
ARSHIYA,Industrials,31.62
ARSSBL,Financial Services,2963.14
ARTEMISMED,,0.0
ARTNIRMAN,Real Estate,97.63
ARVEE,Basic Materials,154.17
ARVIND,Consumer Cyclical,9831.92
ARVINDFASN,Consumer Cyclical,5741.04
ARVSMART,Real Estate,2428.43
ASAHIINDIA,Consumer Cyclical,20531.84
ASAHISONG,Basic Materials,272.5
ASAL,Consumer Cyclical,675.74
ASALCBR,Consumer Defensive,1572.9
ASHAPURMIN,Basic Materials,4672.66
ASHIANA,Real Estate,3118.78
ASHIMASYN,Real Estate,269.93
ASHOKA,Industrials,3158.7
ASHOKAMET,Basic Materials,36.17
ASHOKLEY,Industrials,89828.85
ASIANENE,Energy,1255.72
ASIANHOTNR,Consumer Cyclical,1288.1
ASIANPAINT,Basic Materials,209567.89
ASIANTILES,Industrials,1702.6
ASKAUTOLTD,Consumer Cyclical,8539.23
ASMS,Technology,248.05
ASPINWALL,Consumer Defensive,171.06
ASTEC,Basic Materials,1200.42
ASTERDM,Healthcare,33906.19
ASTRAL,Industrials,41493.02
ASTRAMICRO,Technology,9465.07
ASTRAZEN,Healthcare,19478.75
ASTRON,Basic Materials,18.05
ATALREAL,Industrials,300.94
ATAM,Industrials,66.64
ATGL,Utilities,57170.88
ATHERENERG,Consumer Cyclical,29121.43
ATL,Industrials,691.41
ATLANTAA,Industrials,320.54
ATLANTAELE,Industrials,9264.51
ATLASCYCLE,Consumer Cyclical,54.08
ATUL,Basic Materials,18287.75
ATULAUTO,Consumer Cyclical,1144.19
AUBANK,Financial Services,66383.28
AURIGROW,Industrials,19.32
AURIONPRO,Technology,4384.23
AUROPHARMA,Healthcare,77246.61
AURUM,Real Estate,1253.19
AUSOMENT,Financial Services,135.65
AUTOAXLES,Consumer Cyclical,2514.18
AUTOIND,Consumer Cyclical,274.01
AVADHSUGAR,Consumer Defensive,984.91
AVALON,Technology,6446.27
AVANTEL,Technology,3614.46
AVANTIFEED,Consumer Defensive,16910.81
AVG,Industrials,223.62
AVL,Consumer Cyclical,5974.44
AVONMORE,Financial Services,331.28
AVROIND,Consumer Cyclical,148.84
AVTNPL,Basic Materials,910.38
AWFIS,Industrials,2013.08
AWHCL,Industrials,1194.17
AWL,Consumer Defensive,23212.88
AXISBANK,Financial Services,388770.14
AXISCADES,Industrials,6866.72
AXITA,Consumer Cyclical,337.68
AYE,Financial Services,2202.2
AYMSYNTEX,Consumer Cyclical,1088.44
AZAD,Industrials,10150.31
BAFNAPH,Healthcare,278.19
BAGFILMS,Communication Services,89.32
BAIDFIN,Financial Services,155.51
BAJAJ-AUTO,Consumer Cyclical,252709.59
BAJAJCON,Consumer Defensive,5067.34
BAJAJELEC,Consumer Cyclical,4074.94
BAJAJFINSV,Financial Services,269082.43
BAJAJHCARE,Healthcare,1058.69
BAJAJHFL,Financial Services,67062.39
BAJAJHIND,Consumer Defensive,3963.4
BAJAJHLDNG,Financial Services,102801.81
BAJAJINDEF,Industrials,795.78
BAJEL,Utilities,1787.52
BAJFINANCE,Financial Services,531559.72
BALAJEE,Consumer Cyclical,228.48
BALAJITELE,Communication Services,1036.78
BALAMINES,Basic Materials,3353.02
BALAXI,Healthcare,126.65
BALKRISHNA,Consumer Cyclical,53.36
BALKRISIND,Consumer Cyclical,41126.29
BALMLAWRIE,Industrials,2754.6
BALPHARMA,Healthcare,114.06
BALRAMCHIN,Consumer Defensive,9768.87
BALUFORGE,Industrials,5466.26
BANARBEADS,Consumer Cyclical,71.11
BANARISUG,Consumer Defensive,4524.57
BANCOINDIA,Consumer Cyclical,7676.44
BANDHANBNK,Financial Services,24024.43
BANG,Consumer Cyclical,43.45
BANKA,Industrials,64.93
BANKBARODA,Financial Services,133472.86
BANKINDIA,Financial Services,62621.94
BANSALWIRE,Basic Materials,3975.2
BANSWRAS,Consumer Cyclical,357.25
BASF,Basic Materials,14367.37
BASML,Consumer Cyclical,167.92
BATAINDIA,Consumer Cyclical,8604.92
BAYERCROP,Basic Materials,20915.85
BBL,Industrials,2633.94
BBOX,Technology,8375.92
BBTC,Consumer Defensive,9985.06
BBTCL,Consumer Cyclical,365.78
BCG,Communication Services,1824.46
BCLIND,Consumer Defensive,940.98
BCONCEPTS,Consumer Cyclical,279.82
BCPL,Industrials,113.35
BDL,Industrials,45303.46
BEARDSELL,Industrials,98.24
BECTORFOOD,Consumer Defensive,5782.91
BEDMUTHA,Basic Materials,349.42
BEL,Industrials,312712.34
BELLACASA,Consumer Cyclical,367.17
BELRISE,Consumer Cyclical,16916.6
BEML,Industrials,12660.49
BEPL,Basic Materials,2137.2
BERGEPAINT,Basic Materials,50242.08
BESTAGRO,Basic Materials,533.1
BETA,Healthcare,1539.72
BFINVEST,Financial Services,1347.37
BFUTILITIE,Industrials,1587.25
BGRENERGY,Industrials,1959.04
BHAGCHEM,Basic Materials,2818.94
BHAGERIA,Basic Materials,676.68
BHAGYANGR,Basic Materials,495.92
BHANDARI,Consumer Cyclical,110.21
BHARATCOAL,Basic Materials,0.0
BHARATFORG,Consumer Cyclical,79902.96
BHARATGEAR,Consumer Cyclical,147.1
BHARATRAS,Basic Materials,2309.33
BHARATSE,Consumer Cyclical,1027.21
BHARATWIRE,Basic Materials,1104.97
BHARTIARTL,Communication Services,1114922.13
BHARTIHEXA,Communication Services,76125.0
BHEL,Industrials,88301.65
BIGBLOC,Industrials,663.71
BIKAJI,Consumer Defensive,15761.38
BIL,Consumer Cyclical,991.5
BILVYAPAR,Basic Materials,18.58
BIOCON,Healthcare,55065.36
BIOFILCHEM,Healthcare,53.41
BIRLACABLE,Technology,355.44
BIRLACORPN,Basic Materials,6734.38
BIRLAMONEY,Financial Services,642.74
BIRLANU,Industrials,1054.41
BLACKBUCK,Technology,10214.24
BLAL,Financial Services,689.53
BLBLIMITED,Financial Services,92.45
BLISSGVS,Healthcare,2509.31
BLKASHYAP,Industrials,1030.0
BLS,Industrials,11099.19
BLSE,Industrials,1424.27
BLUECOAST,Consumer Cyclical,37.29
BLUEDART,Industrials,11648.28
BLUEJET,Healthcare,6202.26
BLUESTARCO,Industrials,31671.26
BLUESTONE,Consumer Cyclical,6437.86
BLUSPRING,Industrials,885.32
BMWVENTLTD,Basic Materials,472.08
BODALCHEM,Basic Materials,809.32
BOHRAIND,Basic Materials,18.81
BOMDYEING,Consumer Cyclical,2107.28
BONLON,Basic Materials,0.0
BORANA,Consumer Cyclical,865.97
BOROLTD,Consumer Cyclical,2844.98
BORORENEW,Technology,5919.6
BOROSCI,Consumer Cyclical,1009.54
BOSCH-HCIL,Consumer Cyclical,3167.86
BOSCHLTD,Consumer Cyclical,98669.82
BPCL,Energy,120371.85
BPL,Technology,220.49
BRIGADE,Real Estate,16913.64
BRIGHOTEL,Consumer Cyclical,2278.3
BRITANNIA,Consumer Defensive,133489.2
BRNL,Industrials,167.56
BROOKS,Healthcare,216.01
BSE,Financial Services,119840.57
BSHSL,Basic Materials,1177.19
BSL,Consumer Cyclical,114.06
BSOFT,Technology,10279.51
BTML,Communication Services,113.2
BUILDPRO,Consumer Cyclical,2613.71
BUTTERFLY,Consumer Cyclical,1106.65
BVCL,Basic Materials,87.42
BYKE,Consumer Cyclical,190.92
CALSOFT,Technology,71.35
CAMLINFINE,Basic Materials,1995.06
CAMPUS,Consumer Cyclical,7097.1
CAMS,Technology,16681.92
CANBK,Financial Services,117474.0
CANFINHOME,Financial Services,10908.8
CANHLIFE,Financial Services,13766.69
CANTABIL,Consumer Cyclical,1918.21
CAPACITE,Industrials,1791.6
CAPILLARY,Technology,4009.61
CAPITALSFB,Financial Services,1109.94
CAPLIPOINT,Healthcare,12262.33
CAPTRUST,Financial Services,41.57
CARBORUNIV,Industrials,16306.28
CARERATING,Financial Services,4665.1
CARRARO,Consumer Cyclical,2703.57
CARTRADE,Consumer Cyclical,8448.26
CARYSIL,Consumer Cyclical,2289.82
CASTROLIND,Energy,17650.89
CCAVENUE,Technology,5228.49
CCCL,Industrials,694.26
CCHHL,Consumer Cyclical,191.09
CCL,Consumer Defensive,15292.13
CDSL,Financial Services,25153.15
CEATLTD,Consumer Cyclical,13687.88
CEIGALL,Industrials,4850.47
CEINSYS,Industrials,2129.96
CELEBRITY,Consumer Cyclical,44.99
CELLO,Consumer Cyclical,8896.4
CEMPRO,Industrials,9657.04
CENTENKA,Consumer Cyclical,869.71
CENTEXT,Basic Materials,165.81
CENTRALBK,Financial Services,30628.21
CENTRUM,Financial Services,1383.5
CENTUM,Technology,4006.63
CENTURYPLY,Basic Materials,15917.58
CERA,Industrials,6200.4
CEREBRAINT,Industrials,55.54
CESC,Utilities,20324.97
CEWATER,Utilities,629.99
CGCL,Financial Services,16358.54
CGPOWER,Industrials,109283.79
CHALET,Consumer Cyclical,16180.38
CHAMBLFERT,Basic Materials,17983.28
CHEMBOND,Basic Materials,190.99
CHEMBONDCH,Basic Materials,387.39
CHEMCON,Basic Materials,526.79
CHEMFAB,Basic Materials,522.05
CHEMPLASTS,Basic Materials,4014.8
CHENNPETRO,Energy,14416.86
CHEVIOT,Consumer Cyclical,594.69
CHOICEIN,Financial Services,14359.16
CHOLAFIN,Financial Services,120563.26
CHOLAHLDNG,Financial Services,26259.72
CIEINDIA,Consumer Cyclical,17426.1
CIFL,Financial Services,959.65
CIGNITITEC,Technology,3348.06
CINELINE,Communication Services,294.56
CINEVISTA,Communication Services,83.97
CIPLA,Healthcare,97127.79
CLCIND,Consumer Cyclical,0.21
CLEAN,Basic Materials,7361.84
CLEANMAX,Utilities,9892.02
CLEDUCATE,Consumer Defensive,276.4
CLSEL,Consumer Defensive,1185.69
CMPDI,Basic Materials,0.0
CMSINFO,Industrials,4763.79
CNL,Technology,909.64
COALINDIA,Energy,285334.33
COASTCORP,Consumer Defensive,315.61
COCHINSHIP,Industrials,35473.14
COFFEEDAY,Consumer Cyclical,496.44
COFORGE,Technology,41324.89
COHANCE,Healthcare,11509.04
COLPAL,Consumer Defensive,50328.22
COMPINFO,Technology,9.17
COMPUSOFT,Consumer Defensive,106.11
COMSYN,Consumer Cyclical,612.99
CONCOR,Industrials,34546.99
CONCORDBIO,Healthcare,10802.67
CONFIPET,Energy,1990.52
CONSOFINVT,Financial Services,661.07
CONTROLPR,Industrials,973.52
CORALFINAC,Real Estate,126.96
CORDSCABLE,Industrials,202.01
COROMANDEL,Basic Materials,59264.91
CORONA,Healthcare,0.0
COSMOFIRST,Consumer Cyclical,1614.1
COUNCODOS,Real Estate,33.44
CPCAP,Financial Services,159.79
CPEDU,Consumer Defensive,335.44
CPPLUS,Industrials,21575.9
CRAFTSMAN,Consumer Cyclical,16089.4
CRAMC,Financial Services,4725.4
CREATIVEYE,Communication Services,12.72
CREDITACC,Financial Services,19576.82
CREST,Financial Services,944.25
CRISIL,Financial Services,27597.37
CRIZAC,Consumer Defensive,3504.2
CROMPTON,Consumer Cyclical,15330.79
CROWN,Industrials,134.58
CSBBANK,Financial Services,6333.98
CSLFINANCE,Financial Services,539.52
CTE,Technology,57.29
CUB,Financial Services,18466.21
CUBEXTUB,Basic Materials,123.95
CUMMINSIND,Industrials,128590.31
CUPID,Consumer Defensive,11616.79
CURAA,Technology,111.24
CYBERMEDIA,Communication Services,29.68
CYBERTECH,Technology,408.5
CYIENT,Industrials,9190.36
CYIENTDLM,Technology,2263.38
DABUR,Consumer Defensive,73475.11
DALBHARAT,Basic Materials,34459.5
DALMIASUG,Consumer Defensive,3048.98
DAMCAPITAL,Financial Services,928.53
DAMODARIND,Consumer Cyclical,53.15
DANGEE,Consumer Cyclical,46.5
DATAMATICS,Technology,4121.49
DATAPATTNS,Industrials,17965.82
DAVANGERE,Consumer Defensive,534.82
DBCORP,Communication Services,3680.07
DBEIL,Industrials,288.71
DBL,Industrials,6639.93
DBOL,Consumer Defensive,751.41
DBREALTY,Real Estate,5079.1
DBSTOCKBRO,Financial Services,90.4
DCAL,Healthcare,2365.99
DCBBANK,Financial Services,5614.24
DCI,Technology,656.74
DCM,Industrials,119.33
DCMFINSERV,Financial Services,11.39
DCMNVL,Consumer Cyclical,225.72
DCMSHRIRAM,Industrials,17866.48
DCMSIL,Industrials,542.74
DCMSRIND,Consumer Defensive,332.84
DCW,Basic Materials,1430.12
DCXINDIA,Industrials,1892.19
DDEVPLSTIK,Basic Materials,2198.26
DECCANCE,Basic Materials,870.67
DEEDEV,Industrials,2173.48
DEEPAKFERT,Basic Materials,12443.83
DEEPAKNTR,Basic Materials,18951.81
DEEPINDS,Energy,3047.36
DELHIVERY,Industrials,33195.32
DELPHIFX,Financial Services,3738.06
DELTACORP,Consumer Cyclical,1510.39
DELTAMAGNT,Consumer Cyclical,60.8
DEN,Communication Services,1210.03
DENORA,Industrials,378.45
DENTA,Industrials,658.98
DEVIT,Technology,294.52
DEVX,Real Estate,318.18
DEVYANI,Consumer Cyclical,12257.89
DGCONTENT,Communication Services,159.04
DHAMPURSUG,Consumer Defensive,891.87
DHANBANK,Financial Services,958.27
DHANUKA,Basic Materials,4533.3
DHARAN,Real Estate,82.56
DHARMAJ,Basic Materials,862.61
DHRUV,Industrials,66.91
DHUNINV,Financial Services,461.83
DIACABS,Industrials,6747.86
DIAMINESQ,Basic Materials,235.52
DIAMONDYD,Consumer Defensive,2328.97
DICIND,Basic Materials,461.52
DIFFNKG,Industrials,1013.03
DIGIDRIVE,Consumer Cyclical,75.3
DIGISPICE,Financial Services,340.74
DIGITIDE,Industrials,1307.94
DIGJAMLMTD,Consumer Cyclical,84.53
DISHTV,Communication Services,557.46
DIVGIITTS,Consumer Cyclical,1963.73
DIVISLAB,Healthcare,155299.11
DIXON,Technology,61417.84
DJML,Industrials,281.59
DLF,Real Estate,132254.48
DLINKINDIA,Technology,1434.89
DMART,Consumer Defensive,291590.16
DMCC,Basic Materials,518.79
DNAMEDIA,Communication Services,36.49
DODLA,Consumer Defensive,6112.11
DOLATALGO,Financial Services,1259.2
DOLLAR,Consumer Cyclical,1378.54
DOLPHIN,Energy,1662.39
DOMS,Industrials,14238.65
DONEAR,Consumer Cyclical,459.98
DPABHUSHAN,Consumer Cyclical,2317.72
DPSCLTD,Utilities,842.33
DPWIRES,Industrials,233.87
DRCSYSTEMS,Technology,231.39
DREAMFOLKS,Industrials,381.25
DREDGECORP,Industrials,2348.5
DRREDDY,Healthcare,99586.66
DSFCL,Basic Materials,189.03
DSSL,Technology,1171.63
DTIL,Consumer Defensive,131.03
DUCON,Industrials,112.0
DVL,Financial Services,781.78
DWARKESH,Consumer Defensive,855.35
DYCL,Industrials,1315.07
DYNAMATECH,Consumer Cyclical,6457.5
DYNPRO,Basic Materials,275.91
E2E,Technology,4686.5
EASEMYTRIP,Consumer Cyclical,2443.97
EASTSILK,Consumer Cyclical,31.72
EBGNG,Technology,4268.59
ECLERX,Technology,13933.79
ECOSMOBLTY,Industrials,748.32
EDELWEISS,Financial Services,10181.17
EFCIL,Real Estate,2649.84
EICHERMOT,Consumer Cyclical,181198.25
EIDPARRY,Basic Materials,14616.79
EIEL,Industrials,2896.95
EIFFL,Consumer Defensive,591.7
EIHAHOTELS,Consumer Cyclical,1826.26
EIHOTEL,Consumer Cyclical,18604.58
EIMCOELECO,Industrials,926.92
EKC,Industrials,1200.59
ELDEHSG,Real Estate,762.04
ELECON,Industrials,8862.68
ELECTCAST,Industrials,4802.96
ELECTHERM,Basic Materials,771.92
ELGIEQUIP,Industrials,15241.68
ELGIRUBCO,Consumer Cyclical,203.1
ELIN,Industrials,538.88
ELLEN,Basic Materials,3133.98
EMAMILTD,Consumer Defensive,17911.29
EMAMIPAP,Basic Materials,404.92
EMAMIREAL,Real Estate,266.69
EMBDL,Real Estate,6668.42
EMCURE,Healthcare,29479.28
EMIL,Consumer Cyclical,3651.65
EMKAY,Financial Services,512.0
EMMBI,Consumer Cyclical,148.53
EMMVEE,Technology,15959.94
EMSLIMITED,Industrials,1609.01
EMUDHRA,Technology,3690.59
ENDURANCE,Consumer Cyclical,31193.4
ENERGYDEV,Utilities,68.74
ENGINERSIN,Industrials,11178.91
ENIL,Communication Services,504.35
ENRIN,Utilities,93649.69
ENTERO,Healthcare,5051.62
EPACK,Consumer Cyclical,2125.11
EPACKPEB,Industrials,1564.99
EPIGRAL,Basic Materials,4102.31
EPL,Consumer Cyclical,6851.38
EQUIPPP,Technology,146.81
EQUITASBNK,Financial Services,6374.79
ERIS,Healthcare,18223.93
ESABINDIA,Industrials,7997.75
ESAFSFB,Financial Services,1209.74
ESCORTS,Industrials,32015.07
ESSARSHPNG,Industrials,492.27
ESSENTIA,Consumer Defensive,130.05
ESTER,Basic Materials,800.79
ETERNAL,Consumer Cyclical,213270.71
ETHOSLTD,Consumer Cyclical,6157.48
EUREKAFORB,Consumer Cyclical,8935.45
EUROBOND,Industrials,377.3
EUROPRATIK,Basic Materials,2307.06
EUROTEXIND,Real Estate,15.06
EVEREADY,Industrials,2033.16
EVERESTIND,Industrials,506.59
EXCELINDUS,Basic Materials,1111.13
EXCELSOFT,Technology,945.65
EXICOM,Industrials,1245.1
EXIDEIND,Consumer Cyclical,25273.23
EXPLEOSOL,Technology,1158.86
EXXARO,Industrials,293.05
FABTECH,Healthcare,657.03
FACT,Basic Materials,51167.22
FAIRCHEMOR,Basic Materials,644.95
FAZE3Q,Consumer Cyclical,1093.89
FCL,Basic Materials,2572.0
FCSSOFT,Technology,271.82
FDC,Healthcare,5522.52
FEDERALBNK,Financial Services,67787.97
FEDFINA,Financial Services,5079.01
FEL,Consumer Cyclical,35.17
FELDVR,Consumer Cyclical,132.97
FIBERWEB,Consumer Cyclical,105.41
FIEMIND,Consumer Cyclical,5345.52
FILATEX,Consumer Cyclical,1854.39
FILATFASH,Consumer Cyclical,155.01
FINCABLES,Industrials,12395.73
FINEORG,Basic Materials,13511.54
FINKURVE,Financial Services,867.39
FINOPB,Financial Services,1051.37
FINPIPE,Industrials,9827.48
FIRSTCRY,Consumer Cyclical,11792.06
FISCHER,Healthcare,2640.89
FIVESTAR,Financial Services,11051.23
FLAIR,Industrials,3122.34
FLEXITUFF,Consumer Cyclical,20.62
FLFL,Consumer Cyclical,24.21
FLUOROCHEM,Basic Materials,35548.56
FMGOETZE,Consumer Cyclical,2397.74
FMNL,Real Estate,51.68
FOCUS,Consumer Cyclical,437.12
FOODSIN,Consumer Defensive,412.23
FORCEMOT,Consumer Cyclical,26247.11
FORTIS,Healthcare,63420.26
FOSECOIND,Basic Materials,3422.53
FRACTAL,Technology,13656.61
FSL,Technology,15717.77
FUSION,Financial Services,2444.18
GABRIEL,Consumer Cyclical,12776.41
GAEL,Consumer Defensive,6594.77
GAIL,Utilities,95588.51
GALAPREC,Industrials,922.7
GALAXYSURF,Basic Materials,5948.6
GALLANTT,Basic Materials,15493.86
GANDHAR,Energy,1241.7
GANDHITUBE,Industrials,994.86
GANECOS,Consumer Cyclical,2968.95
GANESHBE,Basic Materials,582.18
GANESHCP,Consumer Defensive,800.74
GANESHHOU,Real Estate,4633.4
GANGAFORGE,Industrials,34.78
GANGESSECU,Consumer Defensive,119.01
GARFIBRES,Consumer Cyclical,5925.18
GARUDA,Industrials,1430.14
GATECH,Financial Services,61.04
GATECHDVR,Financial Services,57.51
GATEWAY,Industrials,2761.23
GAUDIUMIVF,Healthcare,572.98
GAYAHWS,Industrials,50.57
GCSL,Financial Services,815.79
GEECEE,Real Estate,537.99
GEEKAYWIRE,Industrials,235.17
GEMAROMA,Basic Materials,801.94
GENCON,Industrials,248.34
GENESYS,Technology,978.65
GENSOL,Technology,73.73
GENUSPAPER,Basic Materials,291.07
GENUSPOWER,Industrials,6782.27
GEOJITFSL,Financial Services,1637.89
GESHIP,Industrials,20337.18
GFLLIMITED,Financial Services,444.01
GHCL,Basic Materials,4205.07
GHCLTEXTIL,Consumer Cyclical,734.58
GICHSGFIN,Financial Services,775.47
GICL,Industrials,458.01
GICRE,Financial Services,67009.31
GILLANDERS,Consumer Defensive,183.93
GILLETTE,Consumer Defensive,24460.09
GINNIFILA,Consumer Cyclical,309.2
GIPCL,Utilities,2055.74
GKENERGY,Utilities,1945.02
GKSL,Healthcare,850.4
GKWLIMITED,Industrials,903.92
GLAND,Healthcare,28278.79
GLAXO,Healthcare,39529.2
GLENMARK,Healthcare,59680.59
GLFL,Financial Services,15.28
GLOBAL,Consumer Defensive,497.26
GLOBALE,Consumer Cyclical,11.41
GLOBALVECT,Industrials,239.41
GLOBE,Consumer Cyclical,109.0
GLOBECIVIL,Industrials,245.86
GLOBUSSPR,Consumer Defensive,2666.31
GLOSTERLTD,Consumer Cyclical,621.47
GLOTTIS,Industrials,420.06
GMBREW,Consumer Defensive,2341.81
GMDCLTD,Energy,18863.73
GMMPFAUDLR,Industrials,3890.86
GMRAIRPORT,Industrials,96012.77
GMRP&UI,Energy,7602.42
GNA,Consumer Cyclical,1630.08
GNFC,Basic Materials,5970.2
GOACARBON,Basic Materials,284.71
GOCLCORP,Basic Materials,1322.89
GOCOLORS,Consumer Cyclical,1447.23
GODAVARIB,Basic Materials,1560.1
GODFRYPHLP,Consumer Defensive,30107.6
GODIGIT,Financial Services,30006.98
GODREJAGRO,Consumer Defensive,11050.31
GODREJCP,Consumer Defensive,105307.22
GODREJIND,Industrials,28668.83
GODREJPROP,Real Estate,48343.84
GOKEX,Consumer Cyclical,4521.55
GOKUL,Consumer Defensive,387.96
GOKULAGRO,Consumer Defensive,5812.32
GOLDENTOBC,Consumer Defensive,40.21
GOLDIAM,Consumer Cyclical,3433.83
GOLDTECH,Technology,202.27
GOODLUCK,Basic Materials,3522.78
GOPAL,Consumer Defensive,3300.69
GOYALALUM,Basic Materials,93.49
GPIL,Basic Materials,18482.92
GPPL,Industrials,7143.15
GPTHEALTH,Healthcare,1073.93
GPTINFRA,Industrials,1325.31
GRANULES,Healthcare,15829.27
GRAPHITE,Industrials,12312.42
GRASIM,Basic Materials,177749.09
GRAVITA,Industrials,10157.11
GREAVESCOT,Industrials,3213.45
GREENLAM,Consumer Cyclical,5615.87
GREENPANEL,Basic Materials,2293.31
GREENPLY,Basic Materials,2494.02
GREENPOWER,Utilities,1086.0
GRINDWELL,Industrials,16177.3
GRINFRA,Industrials,7988.89
GRMOVER,Consumer Defensive,3467.52
GROBTEA,Consumer Defensive,99.76
GROWW,Financial Services,104524.39
GRPLTD,Consumer Cyclical,1061.39
GRSE,Industrials,26412.0
GRWRHITECH,Basic Materials,8646.28
GSFC,Basic Materials,6124.2
GSLSU,Basic Materials,217.42
GSPCROP,Basic Materials,1817.49
GSPL,Utilities,13316.91
GSS,Technology,31.77
GTECJAINX,Consumer Defensive,19.55
GTL,Communication Services,100.36
GTLINFRA,Technology,1383.38
GTPL,Communication Services,709.64
GUFICBIO,Healthcare,2901.12
GUJALKALI,Basic Materials,4258.57
GUJAPOLLO,Industrials,568.0
GUJGASLTD,Utilities,21539.73
GUJRAFFIA,,0.0
GUJTHEM,Healthcare,2872.51
GULFOILLUB,Basic Materials,4345.23
GULFPETRO,Energy,153.45
GULPOLY,Basic Materials,990.98
GVKPIL,Utilities,393.22
GVPIL,Industrials,2872.85
GVPTECH,Technology,99.42
GVT&D,Industrials,94051.01
HAL,Industrials,253880.36
HALDER,Consumer Defensive,302.87
HALEOSLABS,Healthcare,389.55
HAPPSTMNDS,Technology,5675.73
HAPPYFORGE,Industrials,11406.03
HARDWYN,Industrials,1019.67
HARIOMPIPE,Basic Materials,837.25
HARRMALAYA,Consumer Defensive,343.93
HARSHA,Industrials,3120.43
HATHWAY,Communication Services,1791.35
HATSUN,Consumer Defensive,19918.15
HAVELLS,Industrials,77414.31
HAVISHA,Consumer Cyclical,52.74
HBLENGINE,Industrials,18865.89
HBSL,Financial Services,36.17
HCC,Industrials,4096.85
HCG,Healthcare,7954.82
HCL-INSYS,Technology,393.74
HCLTECH,Technology,390046.86
HDBFS,Financial Services,48233.89
HDFCAMC,Financial Services,100468.41
HDFCBANK,Financial Services,1188359.67
HDFCLIFE,Financial Services,125488.96
HDIL,Real Estate,92.79
HEADSUP,Consumer Cyclical,15.46
HECPROJECT,Industrials,118.84
HEG,Industrials,10510.52
HEIDELBERG,Basic Materials,3331.42
HEMIPROP,Real Estate,3394.41
HERANBA,Basic Materials,718.44
HERITGFOOD,Consumer Defensive,2924.44
HEROMOTOCO,Consumer Cyclical,101065.35
HESTERBIO,Healthcare,1213.84
HEXATRADEX,Financial Services,892.32
HEXT,Technology,27959.84
HFCL,Technology,11115.28
HGINFRA,Industrials,3161.57
HGM,Technology,63.27
HGS,Industrials,1726.52
HIKAL,Healthcare,2037.09
HILINFRA,Industrials,343.71
HILTON,Industrials,80.59
HIMATSEIDE,Consumer Cyclical,1031.09
HINDALCO,Basic Materials,213414.3
HINDCOMPOS,Consumer Cyclical,553.47
HINDCON,Basic Materials,98.85
HINDCOPPER,Basic Materials,48795.51
HINDOILEXP,Energy,1904.04
HINDPETRO,Energy,70516.03
HINDUNILVR,Consumer Defensive,495976.76
HINDWAREAP,Consumer Cyclical,1649.33
HINDZINC,Basic Materials,227639.06
HIRECT,Industrials,2328.06
HISARMETAL,Basic Materials,77.4
HITECH,Basic Materials,1605.57
HITECHCORP,Consumer Cyclical,235.93
HITECHGEAR,Consumer Cyclical,1054.22
HLEGLAS,Industrials,1939.77
HLVLTD,Consumer Cyclical,489.83
HMAAGRO,Consumer Defensive,1268.39
HMT,Industrials,7547.25
HMVL,Communication Services,481.67
HNDFDS,Industrials,5829.33
HOMEFIRST,Financial Services,10441.73
HONASA,Consumer Defensive,9850.76
HONAUT,Industrials,24078.09
HONDAPOWER,Industrials,2052.35
HPAL,Basic Materials,303.24
HPIL,Basic Materials,133.22
HPL,Industrials,1903.94
HSCL,Basic Materials,23173.12
HTMEDIA,Communication Services,519.63
HUBTOWN,Real Estate,2762.43
HUDCO,Financial Services,34468.71
HUHTAMAKI,Consumer Cyclical,1273.98
HYBRIDFIN,Financial Services,54.87
HYUNDAI,Consumer Cyclical,138627.63
IBULLSLTD,Real Estate,2329.42
ICDSLTD,Real Estate,55.94
ICEMAKE,Industrials,1139.14
ICICIAMC,Financial Services,148786.64
ICICIBANK,Financial Services,891851.43
ICICIGI,Financial Services,86081.86
ICICIPRULI,Financial Services,74844.03
ICIL,Consumer Cyclical,4887.19
ICRA,Financial Services,4922.91
IDBI,Financial Services,74887.0
IDEA,Communication Services,93500.04
IDEAFORGE,Technology,1738.83
IDFCFIRSTB,Financial Services,52633.8
IEX,Financial Services,11291.45
IFBAGRO,Consumer Defensive,781.97
IFBIND,Consumer Cyclical,3975.13
IFCI,Financial Services,14223.21
IFGLEXPOR,Basic Materials,1071.02
IGARASHI,Consumer Cyclical,957.85
IGCL,Basic Materials,403.12
IGIL,Basic Materials,13718.91
IGL,Utilities,20765.82
IGPL,Basic Materials,1160.88
IIFL,Financial Services,18216.77
IIFLCAPS,Financial Services,8199.57
IITL,Financial Services,292.92
IKIO,Technology,959.53
IKS,Healthcare,23649.34
IL&FSENGG,Industrials,338.09
IL&FSTRANS,Industrials,63.49
IMAGICAA,Communication Services,2537.32
IMFA,Basic Materials,7096.5
IMPAL,Consumer Cyclical,1230.15
IMPEXFERRO,Basic Materials,13.22
INA,Technology,0.0
INCREDIBLE,Basic Materials,155.61
INDBANK,Financial Services,142.88
INDGN,Healthcare,11166.33
INDHOTEL,Consumer Cyclical,85462.87
INDIACEM,Basic Materials,16927.34
INDIAGLYCO,Basic Materials,6020.6
INDIAMART,Communication Services,12335.33
INDIANB,Financial Services,121977.61
INDIANCARD,Consumer Cyclical,105.75
INDIANHUME,Industrials,1728.36
INDIASHLTR,Financial Services,8267.5
INDIGO,Industrials,165037.34
INDIGOPNTS,Basic Materials,3645.52
INDIQUBE,Real Estate,3162.58
INDNIPPON,Consumer Cyclical,1623.2
INDOAMIN,Basic Materials,726.88
INDOBORAX,Basic Materials,818.74
INDOCO,Healthcare,1780.35
INDOFARM,Industrials,641.78
INDORAMA,Consumer Cyclical,886.22
INDOSTAR,Financial Services,3172.27
INDOTECH,Industrials,1322.53
INDOTHAI,Financial Services,3724.69
INDOUS,Basic Materials,219.66
INDOWIND,Utilities,133.47
INDRAMEDCO,Healthcare,3809.01
INDSWFTLAB,Healthcare,1199.83
INDTERRAIN,Consumer Cyclical,161.02
INDUSINDBK,Financial Services,61144.25
INDUSTOWER,Communication Services,111591.14
INFOBEAN,Technology,1374.21
INFOMEDIA,Financial Services,27.29
INFY,Technology,542002.59
INGERRAND,Industrials,11788.11
INNOVACAP,Healthcare,3921.34
INNOVANA,Technology,777.95
INNOVISION,Industrials,774.53
INOXGREEN,Utilities,5810.26
INOXINDIA,Industrials,11122.16
INOXWIND,Industrials,14011.85
INSECTICID,Basic Materials,1810.61
INSPIRISYS,Technology,314.78
INTELLECT,Technology,9258.46
INTENTECH,Technology,229.81
INTERARCH,Industrials,3038.89
INTLCONV,Industrials,447.36
INVENTURE,Financial Services,107.1
IOB,Financial Services,63466.32
IOC,Energy,189845.93
IOLCP,Healthcare,2312.84
IONEXCHANG,Industrials,4300.32
IPCALAB,Healthcare,36722.02
IPL,Basic Materials,1613.46
IRB,Industrials,24820.29
IRCON,Industrials,11825.1
IRCTC,Consumer Cyclical,41296.0
IREDA,Financial Services,32497.19
IRFC,Financial Services,121469.15
IRIS,Technology,496.68
IRISDOREME,Consumer Cyclical,544.12
IRMENERGY,Utilities,754.23
ISFT,Consumer Cyclical,107.97
ISGEC,Industrials,6733.13
ISHANCH,Basic Materials,145.06
ITC,Consumer Defensive,373941.99
ITCHOTELS,Consumer Cyclical,30573.93
ITDC,Consumer Cyclical,3541.42
ITI,Technology,24769.79
IVALUE,Technology,1303.92
IVC,Financial Services,220.32
IVP,Basic Materials,131.44
IXIGO,Consumer Cyclical,7476.73
IZMO,Technology,1046.41
J&KBANK,Financial Services,12867.32
JAGRAN,Communication Services,1412.74
JAGSNPHARM,Healthcare,1278.92
JAIBALAJI,Basic Materials,5273.73
JAICORPLTD,Basic Materials,1716.51
JAINREC,Basic Materials,15294.2
JAIPURKURT,Consumer Cyclical,48.92
JAMNAAUTO,Consumer Cyclical,4590.35
JARO,Consumer Defensive,944.92
JASH,Industrials,2416.84
JAYAGROGN,Basic Materials,557.76
JAYBARMARU,Consumer Cyclical,909.62
JAYKAY,Industrials,1825.31
JAYNECOIND,Basic Materials,7639.68
JAYSREETEA,Consumer Defensive,229.34
JBCHEPHARM,Healthcare,31500.01
JBMA,Consumer Cyclical,13257.24
JETFREIGHT,Industrials,79.63
JGCHEM,Basic Materials,1338.2
JHS,Consumer Defensive,69.31
JINDALPHOT,Financial Services,1111.66
JINDALPOLY,Consumer Cyclical,3728.19
JINDALSAW,Basic Materials,12167.84
JINDALSTEL,Basic Materials,118862.96
JINDRILL,Energy,1611.63
JINDWORLD,Consumer Cyclical,2064.77
JIOFIN,Financial Services,149508.48
JISLDVREQS,Industrials,2739.26
JISLJALEQS,Industrials,2161.63
JITFINFRA,Industrials,785.72
JKCEMENT,Basic Materials,40693.32
JKIL,Industrials,3499.99
JKIPL,Industrials,212.27
JKLAKSHMI,Basic Materials,7484.67
JKPAPER,Basic Materials,6048.69
JKTYRE,Consumer Cyclical,11343.12
JLHL,Healthcare,7900.05
JMA,Consumer Cyclical,182.16
JMFINANCIL,Financial Services,11537.65
JNKINDIA,Industrials,1474.95
JOCIL,Basic Materials,99.38
JPOLYINVST,Financial Services,1131.82
JPPOWER,Utilities,10423.32
JSFB,Financial Services,4142.94
JSL,Basic Materials,59357.29
JSLL,Healthcare,7704.78
JSWCEMENT,Basic Materials,16081.64
JSWENERGY,Utilities,85663.86
JSWHL,Industrials,13231.53
JSWINFRA,Industrials,48837.45
JSWSTEEL,Basic Materials,281393.26
JTEKTINDIA,Consumer Cyclical,3536.53
JTLIND,Basic Materials,1916.67
JUBLCPL,Basic Materials,2495.77
JUBLFOOD,Consumer Cyclical,27172.05
JUBLINGREA,Basic Materials,9581.43
JUBLPHARMA,Healthcare,13778.9
JUNIPER,Consumer Cyclical,4542.16
JUSTDIAL,Communication Services,4516.38
JWL,Industrials,11383.01
JYOTHYLAB,Consumer Defensive,7834.89
JYOTICNC,Industrials,17429.71
JYOTISTRUC,Industrials,1246.18
KABRAEXTRU,Industrials,733.58
KAJARIACER,Industrials,15898.56
KAKATCEM,Basic Materials,74.26
KALAMANDIR,Consumer Cyclical,1359.21
KALPATARU,Real Estate,5928.26
KALYANI,Consumer Cyclical,13.81
KALYANIFRG,Consumer Cyclical,210.77
KALYANKJIL,Consumer Cyclical,42810.42
KAMATHOTEL,Consumer Cyclical,486.54
KAMDHENU,Basic Materials,573.81
KAMOPAINTS,Basic Materials,156.27
KANANIIND,Consumer Cyclical,30.44
KANORICHEM,Basic Materials,295.37
KANPRPLA,Consumer Cyclical,443.51
KANSAINER,Basic Materials,14423.23
KAPSTON,Industrials,852.25
KARMAENG,Utilities,44.83
KARURVYSYA,Financial Services,25330.25
KAUSHALYA,Industrials,27.85
KAVDEFENCE,Technology,337.96
KAYA,Consumer Defensive,384.4
KAYNES,Technology,25164.48
KCP,Basic Materials,1981.87
KCPSUGIND,Consumer Defensive,278.62
KDDL,Consumer Cyclical,2734.01
KEC,Industrials,14143.21
KECL,Industrials,638.56
KEEPLEARN,Consumer Defensive,30.05
KEI,Industrials,40502.15
KELLTONTEC,Technology,796.99
KERNEX,Technology,1766.02
KESORAMIND,Basic Materials,321.85
KEYFINSERV,Financial Services,146.69
KFINTECH,Technology,15648.79
KHADIM,Consumer Cyclical,155.99
KHAICHEM,Basic Materials,500.97
KHAITANLTD,Industrials,50.87
KHANDSE,Financial Services,21.93
KICL,Financial Services,1883.83
KILITCH,Healthcare,458.61
KIMS,Healthcare,25596.89
KINGFA,Basic Materials,5677.87
KIOCL,Basic Materials,20779.01
KIRIINDUS,Basic Materials,2276.14
KIRLOSBROS,Industrials,11392.54
KIRLOSENG,Industrials,20325.64
KIRLOSIND,Industrials,2960.83
KIRLPNU,Industrials,7470.19
KITEX,Consumer Cyclical,3111.89
KKCL,Consumer Cyclical,2797.17
KMEW,Industrials,4072.05
KMSUGAR,Consumer Defensive,245.82
KNAGRI,Consumer Defensive,508.2
KNRCON,Industrials,3210.69
KOHINOOR,Consumer Defensive,82.1
KOKUYOCMLN,Industrials,785.78
KOLTEPATIL,Real Estate,2695.43
KOPRAN,Healthcare,648.57
KOTAKBANK,Financial Services,360971.66
KOTARISUG,Consumer Defensive,199.43
KOTHARIPET,Basic Materials,691.03
KOTHARIPRO,Industrials,390.88
KOTYARK,Basic Materials,377.35
KPEL,Industrials,1952.98
KPIGREEN,Utilities,7669.31
KPIL,Industrials,18655.19
KPITTECH,Technology,19296.16
KPRMILL,Consumer Cyclical,28799.3
KRBL,Consumer Defensive,7128.78
KREBSBIO,Healthcare,134.4
KRIDHANINF,Basic Materials,22.97
KRISHANA,Basic Materials,3541.18
KRISHIVAL,Consumer Defensive,821.26
KRISHNADEF,Industrials,1235.93
KRITI,Industrials,376.14
KRITIKA,Basic Materials,144.86
KRITINUT,Consumer Defensive,321.22
KRN,Technology,5588.19
KRONOX,Basic Materials,492.93
KROSS,Consumer Cyclical,1066.34
KRSNAA,Healthcare,1845.44
KRYSTAL,Industrials,739.19
KSB,Industrials,14494.86
KSCL,Basic Materials,4397.75
KSHINTL,Industrials,3356.96
KSHITIJPOL,Industrials,21.18
KSL,Basic Materials,2769.73
KSOLVES,Technology,696.26
KSR,Consumer Cyclical,62.44
KTKBANK,Financial Services,8657.52
KUANTUM,Basic Materials,645.75
KWIL,Consumer Defensive,5575.58
LAGNAM,Consumer Cyclical,111.3
LAKPRE,Industrials,11.85
LAL,Consumer Cyclical,125.23
LALPATHLAB,Healthcare,22761.82
LAMBODHARA,Consumer Cyclical,99.75
LANCORHOL,Real Estate,166.08
LANDMARK,Consumer Cyclical,1723.18
LANDSMILL,Industrials,140.67
LAOPALA,Consumer Cyclical,1941.61
LASA,Healthcare,34.42
LATENTVIEW,Industrials,6063.94
LATTEYS,Industrials,112.35
LAURUSLABS,Healthcare,57100.89
LAXMICOT,Consumer Cyclical,22.74
LAXMIDENTL,Healthcare,1015.59
LAXMIINDIA,Financial Services,414.07
LCCINFOTEC,Consumer Defensive,85.98
LEMERITE,Consumer Cyclical,1094.62
LEMONTREE,Consumer Cyclical,8674.69
LENSKART,Healthcare,86569.18
LEXUS,Industrials,48.7
LFIC,Financial Services,38.08
LGBBROSLTD,Consumer Cyclical,5370.48
LGEINDIA,Technology,93616.29
LGHL,Consumer Cyclical,1187.64
LIBAS,Consumer Cyclical,27.06
LIBERTSHOE,Consumer Cyclical,432.8
LICHSGFIN,Financial Services,28209.98
LICI,Financial Services,470073.84
LIKHITHA,Energy,831.61
LINC,Industrials,596.42
LINCOLN,Healthcare,1101.53
LINDEINDIA,Basic Materials,60517.69
LLOYDSENGG,Industrials,6736.39
LLOYDSENT,Basic Materials,7877.01
LLOYDSME,Basic Materials,81127.79
LMW,Industrials,13845.17
LODHA,Real Estate,71675.09
LOKESHMACH,Industrials,432.14
LORDSCHLO,Basic Materials,394.62
LOTUSDEV,Industrials,6169.65
LOTUSEYE,Healthcare,219.57
LOVABLE,Consumer Cyclical,96.68
LOYALTEX,Consumer Cyclical,92.96
LPDC,Real Estate,94.29
LT,Industrials,512189.11
LTF,Financial Services,63786.14
LTFOODS,Consumer Defensive,13365.68
LTM,Technology,131692.87
LTTS,Technology,35425.64
LUMAXIND,Consumer Cyclical,4490.48
LUMAXTECH,Consumer Cyclical,11139.7
LUPIN,Healthcare,105073.48
LUXIND,Consumer Cyclical,3629.35
LXCHEM,Basic Materials,3265.08
LYKALABS,Healthcare,210.2
LYPSAGEMS,Consumer Cyclical,14.35
M&M,Consumer Cyclical,360934.17
M&MFIN,Financial Services,38558.02
MAANALU,Basic Materials,697.16
MACPOWER,Industrials,919.68
MADHAV,Industrials,29.3
MADHUCON,Industrials,33.72
MADRASFERT,Basic Materials,969.99
MAGADSUGAR,Consumer Defensive,701.13
MAGNUM,Basic Materials,146.74
MAHABANK,Financial Services,51179.61
MAHAPE-RE,Other,0.0
MAHAPEXLTD,Financial Services,123.69
MAHASTEEL,Basic Materials,1526.18
MAHEPC,Industrials,294.25
MAHESHWARI,Industrials,134.79
MAHLIFE,Real Estate,7356.14
MAHLOG,Industrials,3521.41
MAHSCOOTER,Financial Services,13935.85
MAHSEAMLES,Basic Materials,8092.88
MAITHANALL,Basic Materials,2663.85
MALLCOM,Industrials,654.98
MALUPAPER,Basic Materials,56.83
MAMATA,Industrials,869.27
MANAKALUCO,Basic Materials,169.34
MANAKCOAT,Industrials,1134.67
MANAKSIA,Industrials,340.32
MANAKSTEEL,Basic Materials,358.08
MANALIPETC,Basic Materials,800.48
MANAPPURAM,Financial Services,24051.7
MANBA,Financial Services,536.15
MANCREDIT,Financial Services,358.06
MANGALAM,Healthcare,47.73
MANGLMCEM,Basic Materials,2298.4
MANINDS,Basic Materials,2859.74
MANINFRA,Industrials,3609.18
MANKIND,Healthcare,84221.11
MANOMAY,Consumer Cyclical,413.1
MANORAMA,Consumer Defensive,7289.22
MANORG,Basic Materials,350.37
MANUGRAPH,Industrials,43.65
MANYAVAR,Consumer Cyclical,9432.22
MAPMYINDIA,Technology,4835.48
MARALOVER,Consumer Cyclical,170.31
MARATHON,Real Estate,2844.14
MARICO,Consumer Defensive,97570.94
MARINE,Industrials,2378.02
MARKOLINES,Industrials,342.48
MARKSANS,Healthcare,7703.78
MARSONS,Industrials,0.0
MARUTI,Consumer Cyclical,402372.4
MASFIN,Financial Services,5430.9
MASKINVEST,Financial Services,38.14
MASTEK,Technology,4743.83
MASTERTR,Financial Services,873.78
MATRIMONY,Communication Services,895.33
MAWANASUG,Consumer Defensive,400.39
MAXESTATES,Real Estate,5688.07
MAXHEALTH,Healthcare,90740.47
MAXIND,Healthcare,764.04
MAYURUNIQ,Consumer Cyclical,2328.43
MAZDA,Industrials,368.8
MAZDOCK,Industrials,93910.9
MBAPL,Basic Materials,4704.69
MBEL,Industrials,1699.93
MBLINFRA,Industrials,373.42
MCL,Basic Materials,165.46
MCLEODRUSS,Consumer Defensive,374.05
MCLOUD,Technology,1370.44
MCX,Financial Services,64694.94
MEDANTA,Healthcare,27765.79
MEDIASSIST,Healthcare,2535.97
MEDICAMEQ,Healthcare,305.95
MEDICO,Healthcare,328.28
MEDPLUS,Healthcare,10129.05
MEESHO,Consumer Cyclical,67575.4
MEGASTAR,Consumer Defensive,303.74
MEIL,Industrials,680.75
MENONBE,Consumer Cyclical,617.62
MEP,Industrials,15.41
METROBRAND,Consumer Cyclical,26321.46
METROPOLIS,Healthcare,9006.32
MFML,Consumer Cyclical,24.1
MFSL,Financial Services,51495.84
MGEL,Consumer Defensive,366.14
MGL,Utilities,9433.28
MHLXMIRU,Consumer Cyclical,171.13
MHRIL,Consumer Cyclical,5032.53
MICEL,Technology,831.01
MIDHANI,Basic Materials,5828.76
MIDWESTLTD,Basic Materials,4543.61
MINDACORP,Consumer Cyclical,11890.43
MINDTECK,Technology,545.68
MIRCELECTR,Consumer Cyclical,1050.92
MIRZAINT,Consumer Cyclical,404.52
MITCON,Industrials,119.67
MITTAL,Consumer Cyclical,40.39
MKPL,Consumer Defensive,193.52
MMFL,Industrials,1971.34
MMP,Basic Materials,554.21
MMTC,Industrials,8524.6
MOBIKWIK,Technology,1314.24
MODINATUR,Consumer Defensive,438.18
MODIRUBBER,Real Estate,287.8
MODIS,Real Estate,592.34
MODISONLTD,Industrials,436.39
MODTHREAD,Consumer Cyclical,165.11
MOHITIND,Consumer Cyclical,31.81
MOIL,Basic Materials,6068.95
MOKSH,Consumer Cyclical,89.53
MOL,Basic Materials,1220.83
MOLDTECH,Industrials,333.39
MOLDTKPAC,Consumer Cyclical,1843.87
MONARCH,Financial Services,2309.32
MONEYBOXX,Financial Services,461.51
MONTECARLO,Consumer Cyclical,1046.66
MORARJEE,Consumer Cyclical,22.46
MOREPENLAB,Healthcare,2099.21
MOSCHIP,Technology,3209.43
MOTHERSON,Consumer Cyclical,114452.38
MOTILALOFS,Financial Services,42111.22
MOTISONS,Consumer Cyclical,1252.98
MOTOGENFIN,Real Estate,81.43
MPHASIS,Technology,44388.97
MPSLTD,Communication Services,2844.51
MRF,Consumer Cyclical,53936.74
MRPL,Energy,31464.5
MSPL,Basic Materials,1905.0
MSTCLTD,Industrials,2809.87
MSUMI,Consumer Cyclical,24543.78
MTARTECH,Industrials,12085.63
MTEDUCARE,Consumer Defensive,10.46
MTNL,Communication Services,1617.84
MUFIN,Financial Services,1995.95
MUFTI,Consumer Cyclical,480.93
MUKANDLTD,Basic Materials,1864.51
MUKKA,Consumer Defensive,642.0
MUKTAARTS,Communication Services,97.57
MUNJALAU,Consumer Cyclical,727.29
MUNJALSHOW,Consumer Cyclical,481.42
MURUDCERA,Industrials,172.09
MUTHOOTCAP,Financial Services,312.73
MUTHOOTFIN,Financial Services,130205.39
MUTHOOTMF,Financial Services,2593.37
MVGJL,Consumer Cyclical,750.2
MWL,Basic Materials,783.5
NACLIND,Basic Materials,3577.74
NAGAFERT,Basic Materials,244.61
NAGREEKCAP,Financial Services,28.95
NAGREEKEXP,Consumer Cyclical,67.03
NAHARCAP,Financial Services,372.94
NAHARINDUS,Consumer Cyclical,409.17
NAHARPOLY,Consumer Cyclical,569.9
NAHARSPING,Consumer Cyclical,806.85
NAM-INDIA,Financial Services,53027.44
NARMADA,Basic Materials,126.03
NATCAPSUQ,Healthcare,161.15
NATCOPHARM,Healthcare,19391.52
NATHBIOGEN,Basic Materials,273.41
NATIONALUM,Basic Materials,75707.53
NAUKRI,Communication Services,65122.35
NAVA,Industrials,15938.63
NAVINFLUOR,Basic Materials,29880.49
NAVKARCORP,Industrials,1298.08
NAVKARURB,Basic Materials,85.75
NAVNETEDUL,Communication Services,2842.57
NAZARA,Communication Services,8944.14
NBCC,Industrials,22723.2
NBIFIN,Financial Services,518.13
NCC,Industrials,8807.43
NCLIND,Basic Materials,792.38
NDGL,Financial Services,253.36
NDL,Consumer Cyclical,378.95
NDLVENTURE,Communication Services,406.18
NDRAUTO,Consumer Cyclical,1592.81
NDTV,Communication Services,780.86
NECCLTD,Industrials,140.68
NECLIFE,Healthcare,193.87
NELCAST,Industrials,1083.65
NELCO,Technology,1387.95
NEOGEN,Basic Materials,3213.82
NEPHROPLUS,Healthcare,5317.05
NESCO,Industrials,7628.87
NESTLEIND,Consumer Defensive,235794.28
NETWEB,Technology,18465.2
NETWORK18,Communication Services,4689.06
NEULANDLAB,Healthcare,16921.65
NEWGEN,Technology,6299.56
NEXTMEDIA,Communication Services,26.76
NFL,Basic Materials,3452.57
NGIL,Consumer Defensive,45.87
NGLFINE,Healthcare,1369.11
NH,Healthcare,34526.97
NHPC,Utilities,76010.78
NIACL,Financial Services,20495.13
NIBE,Industrials,1372.21
NIBL,Industrials,69.37
NIITLTD,Consumer Defensive,797.03
NIITMTS,Consumer Defensive,3992.94
NILAINFRA,Real Estate,317.87
NILASPACES,Real Estate,520.72
NILKAMAL,Consumer Cyclical,1826.47
NIMBSPROJ,Other,0.0
NINSYS,Technology,792.73
NIPPOBATRY,Industrials,233.97
NIRAJ,Industrials,157.35
NIRAJISPAT,Consumer Cyclical,11.01
NITCO,Industrials,1979.56
NITINSPIN,Consumer Cyclical,2168.41
NITIRAJ,Technology,217.7
NIVABUPA,Financial Services,13456.84
NKIND,Consumer Defensive,42.02
NLCINDIA,Utilities,37640.25
NMDC,Basic Materials,71864.31
NOCIL,Basic Materials,2692.94
NOIDATOLL,Industrials,63.64
NORBTEAEXP,Consumer Defensive,139.8
NORTHARC,Financial Services,3691.01
NOVAAGRI,Basic Materials,231.26
NPST,Technology,2361.75
NRAIL,Basic Materials,683.15
NRBBEARING,Consumer Cyclical,2302.8
NRL,Industrials,340.65
NSIL,Financial Services,2687.48
NSLNISP,Basic Materials,11555.06
NTPC,Utilities,357661.57
NTPCGREEN,Utilities,81491.03
NUCLEUS,Technology,2196.32
NURECA,Healthcare,238.52
NUVAMA,Financial Services,21422.78
NUVOCO,Basic Materials,10441.88
NYKAA,Consumer Cyclical,71020.44
OAL,Basic Materials,814.75
OBCL,Industrials,121.64
OBEROIRLTY,Real Estate,56741.34
OCCLLTD,Basic Materials,452.4
ODIGMA,Communication Services,73.39
OFSS,Technology,62598.99
OIL,Energy,78413.94
OILCOUNTUB,Energy,212.74
OLAELEC,Consumer Cyclical,12102.82
OLECTRA,Industrials,8421.89
OMAXAUTO,Consumer Cyclical,221.92
OMAXE,Real Estate,1314.87
OMFREIGHT,Industrials,241.08
OMINFRAL,Industrials,844.42
OMKARCHEM,Basic Materials,8.23
OMNI,Industrials,3529.8
ONELIFECAP,Financial Services,56.19
ONEPOINT,Industrials,1231.64
ONESOURCE,Healthcare,15838.36
ONGC,Energy,360613.7
ONMOBILE,Communication Services,447.74
ONWARDTEC,Technology,537.8
OPTIEMUS,Technology,2862.43
ORBTEXP,Consumer Cyclical,407.03
ORCHASP,Technology,63.59
ORCHPHARMA,Healthcare,2629.97
ORICONENT,Consumer Cyclical,1039.57
ORIENTALTL,Industrials,48.44
ORIENTBELL,Industrials,387.02
ORIENTCEM,Basic Materials,2736.98
ORIENTCER,Basic Materials,480.11
ORIENTELEC,Consumer Cyclical,3306.69
ORIENTHOT,Consumer Cyclical,1618.29
ORIENTLTD,Consumer Cyclical,58.94
ORIENTPPR,Basic Materials,364.96
ORIENTTECH,Technology,1166.13
ORISSAMINE,Basic Materials,2123.94
ORKLAINDIA,Consumer Defensive,8259.77
ORTEL,Communication Services,5.84
ORTINGLOBE,Healthcare,12.55
OSIAHYPER,Consumer Cyclical,57.77
OSWALAGRO,Real Estate,602.98
OSWALGREEN,Financial Services,632.26
OSWALPUMPS,Industrials,3920.25
OSWALSEEDS,Basic Materials,99.24
PACEDIGITK,Technology,3077.82
PAGEIND,Consumer Cyclical,39106.87
PAISALO,Financial Services,3397.97
PAKKA,Basic Materials,412.28
PALASHSECU,Consumer Defensive,91.18
PALREDTEC,Technology,37.12
PANACEABIO,Healthcare,1966.45
PANACHE,Technology,459.73
PANAMAPET,Energy,1686.02
PANSARI,Real Estate,470.1
PAR,Healthcare,109.79
PARACABLES,Technology,1017.87
PARADEEP,Basic Materials,12005.4
PARAGMILK,Consumer Defensive,2397.85
PARAS,Industrials,5163.61
PARASPETRO,Consumer Cyclical,79.21
PARKHOSPS,Healthcare,8468.44
PARKHOTELS,Consumer Cyclical,2377.63
PARSVNATH,Real Estate,265.74
PASHUPATI,Consumer Cyclical,1561.27
PASUPTAC,Consumer Cyclical,409.74
PATANJALI,Consumer Defensive,50997.46
PATELENG,Industrials,2416.88
PATELRMART,Consumer Cyclical,586.85
PATINTLOG,Industrials,71.74
PAUSHAKLTD,Basic Materials,1063.08
PAVNAIND,Consumer Cyclical,240.97
PAYTM,Technology,65841.98
PCBL,Basic Materials,10230.42
PCJEWELLER,Consumer Cyclical,7290.77
PDMJEPAPER,Basic Materials,714.02
PDSL,Industrials,4090.35
PEARLPOLY,Consumer Cyclical,26.17
PENIND,Industrials,2041.33
PENINLAND,Real Estate,552.0
PERSISTENT,Technology,84221.81
PETRONET,Energy,38262.0
PFC,Financial Services,134446.13
PFIZER,Healthcare,21863.76
PFOCUS,Communication Services,26438.0
PFS,Financial Services,1747.41
PGEL,Technology,12539.73
PGHH,Consumer Defensive,31512.88
PGHL,Healthcare,8003.56
PGIL,Consumer Cyclical,7042.34
PHOENIXLTD,Real Estate,57114.25
PICCADIL,Consumer Defensive,5303.57
PIDILITIND,Basic Materials,131810.91
PIGL,Industrials,228.84
PIIND,Basic Materials,42856.16
PILANIINVS,Financial Services,4864.04
PILITA,Consumer Cyclical,166.38
PINELABS,Technology,17979.71
PIONEEREMB,Consumer Cyclical,73.79
PIRAMALFIN,Financial Services,38412.55
PITTIENG,Industrials,2894.71
PIXTRANS,Industrials,1974.37
PKTEA,Consumer Defensive,252.0
PLASTIBLEN,Basic Materials,350.33
PLATIND,Basic Materials,1145.14
PLAZACABLE,Industrials,150.16
PNB,Financial Services,120212.66
PNBGILTS,Financial Services,1166.29
PNBHOUSING,Financial Services,21286.9
PNC,Communication Services,30.99
PNCINFRA,Industrials,4405.55
PNGJL,Consumer Cyclical,8130.95
PNGSREVA,Consumer Cyclical,1185.84
POCL,Basic Materials,3367.25
PODDARMENT,Basic Materials,248.78
POKARNA,Industrials,2793.99
POLICYBZR,Financial Services,67612.64
POLYCAB,Industrials,108916.96
POLYMED,Healthcare,14105.65
POLYPLEX,Basic Materials,2527.88
PONNIERODE,Consumer Defensive,241.66
POONAWALLA,Financial Services,32703.3
POWERGRID,Utilities,274739.84
POWERICA,Industrials,4998.8
POWERINDIA,Industrials,111647.18
POWERMECH,Industrials,6158.85
PPAP,Consumer Cyclical,282.11
PPL,Industrials,455.24
PPLPHARMA,Healthcare,18674.53
PRABHA,Energy,2334.45
PRAENG,Real Estate,138.61
PRAJIND,Industrials,6259.75
PRAKASH,Basic Materials,2267.47
PRAKASHSTL,Basic Materials,73.18
PRAXIS,Consumer Cyclical,119.64
PRECAM,Consumer Cyclical,1154.17
PRECOT,Consumer Cyclical,628.5
PRECWIRE,Industrials,5367.68
PREMEXPLN,Basic Materials,2324.55
PREMIER,Industrials,9.58
PREMIERENE,Technology,42364.78
PREMIERPOL,Basic Materials,588.76
PRESTIGE,Real Estate,52639.54
PRICOLLTD,Consumer Cyclical,6570.63
PRIMESECU,Financial Services,954.46
PRIMO,Basic Materials,549.38
PRINCEPIPE,Industrials,2525.7
PRITI,Consumer Cyclical,49.14
PRITIKAUTO,Industrials,205.81
PRIVISCL,Basic Materials,11633.65
PROSTARM,Industrials,770.02
PROTEAN,Technology,2040.58
PROZONER,Real Estate,806.51
PRSMJOHNSN,Basic Materials,6172.16
PRUDENT,Financial Services,9324.33
PRUDMOULI,Consumer Defensive,43.96
PSB,Financial Services,16343.42
PSPPROJECT,Industrials,2545.6
PTC,Utilities,4817.54
PTCIL,Industrials,24027.06
PTL,Real Estate,496.55
PUNJABCHEM,Basic Materials,1173.66
PURVA,Real Estate,4129.49
PVP,Industrials,688.14
PVRINOX,Communication Services,9293.64
PVSL,Consumer Cyclical,686.42
PWL,Other,0.0
PYRAMID,Other,0.0
QPOWER,Other,0.0
QUADFUTURE,Other,0.0
QUESS,Other,0.0
QUICKHEAL,Other,0.0
RACE,Other,0.0
RACLGEAR,Other,0.0
RADAAN,Other,0.0
RADHIKAJWE,Other,0.0
RADIANTCMS,Other,0.0
RADICO,Other,0.0
RADIOCITY,Other,0.0
RAILTEL,Other,0.0
RAIN,Other,0.0
RAINBOW,Other,0.0
RAJESHEXPO,Other,0.0
RAJMET,Other,0.0
RAJOOENG,Other,0.0
RAJRATAN,Other,0.0
RAJRILTD,Other,0.0
RAJSREESUG,Other,0.0
RAJTV,Other,0.0
RALLIS,Other,0.0
RAMANEWS,Other,0.0
RAMAPHO,Other,0.0
RAMASTEEL,Other,0.0
RAMCOCEM,Other,0.0
RAMCOIND,Other,0.0
RAMCOSYS,Other,0.0
RAMKY,Other,0.0
RAMRAT,Other,0.0
RANASUG,Other,0.0
RANEHOLDIN,Other,0.0
RATEGAIN,Other,0.0
RATNAMANI,Other,0.0
RATNAVEER,Other,0.0
RAYMOND,Other,0.0
RAYMONDLSL,Other,0.0
RAYMONDREL,Other,0.0
RBA,Other,0.0
RBLBANK,Other,0.0
RBZJEWEL,Other,0.0
RCF,Other,0.0
RCOM,Other,0.0
RECLTD,Other,0.0
REDINGTON,Other,0.0
REDTAPE,Other,0.0
REFEX,Other,0.0
REGAAL,Other,0.0
REGENCERAM,Other,0.0
RELAXO,Other,0.0
RELCHEMQ,Other,0.0
RELIABLE,Other,0.0
RELIANCE,Other,0.0
RELIGARE,Other,0.0
RELINFRA,Other,0.0
RELTD,Other,0.0
REMSONSIND,Other,0.0
RENUKA,Other,0.0
REPCOHOME,Other,0.0
REPL,Other,0.0
REPRO,Other,0.0
RESPONIND,Other,0.0
RETAIL,Other,0.0
RGL,Other,0.0
RHETAN,Other,0.0
RHIM,Other,0.0
RHL,Other,0.0
RICOAUTO,Other,0.0
RIIL,Other,0.0
RISHABH,Other,0.0
RITCO,Other,0.0
RITES,Other,0.0
RKDL,Other,0.0
RKEC,Other,0.0
RKFORGE,Other,0.0
RKSWAMY,Other,0.0
RMC,Other,0.0
RMDRIP,Other,0.0
RML,Other,0.0
RNBDENIMS,Other,0.0
ROHLTD,Other,0.0
ROLEXRINGS,Other,0.0
ROLLT,Other,0.0
ROML,Other,0.0
ROSSARI,Other,0.0
ROSSELLIND,Other,0.0
ROSSTECH,Other,0.0
ROTO,Other,0.0
ROUTE,Other,0.0
RPEL,Other,0.0
RPGLIFE,Other,0.0
RPOWER,Other,0.0
RPPINFRA,Other,0.0
RPPL,Other,0.0
RPSGVENT,Other,0.0
RPTECH,Other,0.0
RRKABEL,Other,0.0
RSL,Other,0.0
RSSOFTWARE,Other,0.0
RSWM,Other,0.0
RSYSTEMS,Other,0.0
RTNINDIA,Other,0.0
RTNPOWER,Other,0.0
RUBFILA,Other,0.0
RUBICON,Other,0.0
RUBYMILLS,Other,0.0
RUCHINFRA,Other,0.0
RUCHIRA,Other,0.0
RUDRA,Other,0.0
RUPA,Other,0.0
RUSHIL,Other,0.0
RUSTOMJEE,Other,0.0
RVHL,Other,0.0
RVNL,Other,0.0
RVTH,Other,0.0
S&SPOWER,Other,0.0
SAATVIKGL,Other,0.0
SABEVENTS,Other,0.0
SADBHAV,Other,0.0
SADBHIN,Other,0.0
SADHNANIQ,Other,0.0
SAFARI,Other,0.0
SAGARDEEP,Other,0.0
SAGCEM,Other,0.0
SAGILITY,Other,0.0
SAHYADRI,Other,0.0
SAIL,Other,0.0
SAILIFE,Other,0.0
SAIPARENT,Other,0.0
SAKAR,Other,0.0
SAKHTISUG,Other,0.0
SAKSOFT,Other,0.0
SAKUMA,Other,0.0
SALASAR,Other,0.0
SALONA,Other,0.0
SALSTEEL,Other,0.0
SALZERELEC,Other,0.0
SAMBHAAV,Other,0.0
SAMBHV,Other,0.0
SAMHI,Other,0.0
SAMMAANCAP,Other,0.0
SAMPANN,Other,0.0
SANATHAN,Other,0.0
SANCO,Other,0.0
SANDESH,Other,0.0
SANDHAR,Other,0.0
SANDUMA,Other,0.0
SANGAMIND,Other,0.0
SANGHIIND,Other,0.0
SANGHVIMOV,Other,0.0
SANGINITA,Other,0.0
SANOFI,Other,0.0
SANOFICONR,Other,0.0
SANSERA,Other,0.0
SANSTAR,Other,0.0
SAPPHIRE,Other,0.0
SARDAEN,Other,0.0
SAREGAMA,Other,0.0
SARLAPOLY,Other,0.0
SARVESHWAR,Other,0.0
SASKEN,Other,0.0
SASTASUNDR,Other,0.0
SATIA,Other,0.0
SATIN,Other,0.0
SAURASHCEM,Other,0.0
SBC,Other,0.0
SBCL,Other,0.0
SBFC,Other,0.0
SBGLP,Other,0.0
SBICARD,Other,0.0
SBILIFE,Other,0.0
SBIN,Other,0.0
SCHAEFFLER,Other,0.0
SCHAND,Other,0.0
SCHNEIDER,Other,0.0
SCI,Other,0.0
SCILAL,Other,0.0
SCODATUBES,Other,0.0
SCPL,Other,0.0
SDBL,Other,0.0
SEAMECLTD,Other,0.0
SECMARK,Other,0.0
SECURKLOUD,Other,0.0
SEDEMAC,Other,0.0
SEJALLTD,Other,0.0
SELMC,Other,0.0
SEMAC,Other,0.0
SENCO,Other,0.0
SENORES,Other,0.0
SEPC,Other,0.0
SERVOTECH,Other,0.0
SESHAPAPER,Other,0.0
SETCO,Other,0.0
SETL,Other,0.0
SETUINFRA,Other,0.0
SEYAIND,Other,0.0
SFL,Other,0.0
SGFIN,Other,0.0
SGIL,Other,0.0
SGL,Other,0.0
SGMART,Other,0.0
SHADOWFAX,Other,0.0
SHAH,Other,0.0
SHAHALLOYS,Other,0.0
SHAILY,Other,0.0
SHAKTIPUMP,Other,0.0
SHALBY,Other,0.0
SHALPAINTS,Other,0.0
SHANKARA,Other,0.0
SHANTI,Other,0.0
SHANTIGEAR,Other,0.0
SHANTIGOLD,Other,0.0
SHARDACROP,Other,0.0
SHARDAMOTR,Other,0.0
SHAREINDIA,Other,0.0
SHEKHAWATI,Other,0.0
SHEMAROO,Other,0.0
SHILCTECH,Other,0.0
SHILPAMED,Other,0.0
SHIVALIK,Other,0.0
SHIVAMAUTO,Other,0.0
SHIVAMILLS,Other,0.0
SHIVATEX,Other,0.0
SHIVAUM,Other,0.0
SHK,Other,0.0
SHOPERSTOP,Other,0.0
SHRADHA,Other,0.0
SHREDIGCEM,Other,0.0
SHREECEM,Other,0.0
SHREEJISPG,Other,0.0
SHREEPUSHK,Other,0.0
SHREERAMA,Other,0.0
SHRENIK,Other,0.0
SHREYANIND,Other,0.0
SHRINGARMS,Other,0.0
SHRIPISTON,Other,0.0
SHRIRAMFIN,Other,0.0
SHRIRAMPPS,Other,0.0
SHYAMCENT,Other,0.0
SHYAMMETL,Other,0.0
SHYAMTEL,Other,0.0
SICALLOG,Other,0.0
SIEMENS,Other,0.0
SIGACHI,Other,0.0
SIGIND,Other,0.0
SIGMA,Other,0.0
SIGMAADV,Other,0.0
SIGNATURE,Other,0.0
SIGNPOST,Other,0.0
SIKKO,Other,0.0
SIL,Other,0.0
SILGO,Other,0.0
SILINV,Other,0.0
SILLYMONKS,Other,0.0
SILVERTUC,Other,0.0
SIMBHALS,Other,0.0
SIMPLEXINF,Other,0.0
SINCLAIR,Other,0.0
SINDHUTRAD,Other,0.0
SINGERIND,Other,0.0
SINTERCOM,Other,0.0
SIRCA,Other,0.0
SIS,Other,0.0
SITINET,Other,0.0
SIYSIL,Other,0.0
SJS,Other,0.0
SJVN,Other,0.0
SKFINDIA,Other,0.0
SKFINDUS,Other,0.0
SKIPPER,Other,0.0
SKMEGGPROD,Other,0.0
SKYGOLD,Other,0.0
SMARTLINK,Other,0.0
SMARTWORKS,Other,0.0
SMCGLOBAL,Other,0.0
SMLMAH,Other,0.0
SMLT,Other,0.0
SMSPHARMA,Other,0.0
SNOWMAN,Other,0.0
SOBHA,Other,0.0
SOFTTECH,Other,0.0
SOLARA,Other,0.0
SOLARINDS,Other,0.0
SOLARWORLD,Other,0.0
SOLEX,Other,0.0
SOMANYCERA,Other,0.0
SOMATEX,Other,0.0
SOMICONVEY,Other,0.0
SONACOMS,Other,0.0
SONAMLTD,Other,0.0
SONATSOFTW,Other,0.0
SOTL,Other,0.0
SOUTHBANK,Other,0.0
SOUTHWEST,Other,0.0
SPAL,Other,0.0
SPANDANA,Other,0.0
SPARC,Other,0.0
SPCENET,Other,0.0
SPECIALITY,Other,0.0
SPECTRUM,Other,0.0
SPENCERS,Other,0.0
SPIC,Other,0.0
SPLIL,Other,0.0
SPLPETRO,Other,0.0
SPMLINFRA,Other,0.0
SPORTKING,Other,0.0
SRD,Other,0.0
SREEL,Other,0.0
SRF,Other,0.0
SRGHFL,Other,0.0
SRHHYPOLTD,Other,0.0
SRM,Other,0.0
SRTL,Other,0.0
SSDL,Other,0.0
SSWL,Other,0.0
STALLION,Other,0.0
STANLEY,Other,0.0
STAR,Other,0.0
STARCEMENT,Other,0.0
STARHEALTH,Other,0.0
STARPAPER,Other,0.0
STARTECK,Other,0.0
STCINDIA,Other,0.0
STEELCAS,Other,0.0
STEELCITY,Other,0.0
STEELXIND,Other,0.0
STEL,Other,0.0
STERTOOLS,Other,0.0
STLNETWORK,Other,0.0
STLTECH,Other,0.0
STOVEKRAFT,Other,0.0
STUDDS,Other,0.0
STYL,Other,0.0
STYLAMIND,Other,0.0
STYLEBAAZA,Other,0.0
STYRENIX,Other,0.0
SUBEXLTD,Other,0.0
SUBROS,Other,0.0
SUDARCOLOR,Other,0.0
SUDARSCHEM,Other,0.0
SUDEEPPHRM,Other,0.0
SUKHJITS,Other,0.0
SULA,Other,0.0
SUMEETINDS,Other,0.0
SUMICHEM,Other,0.0
SUMIT,Other,0.0
SUMMITSEC,Other,0.0
SUNCLAY,Other,0.0
SUNDARAM,Other,0.0
SUNDARMFIN,Other,0.0
SUNDRMBRAK,Other,0.0
SUNDRMFAST,Other,0.0
SUNDROP,Other,0.0
SUNFLAG,Other,0.0
SUNPHARMA,Other,0.0
SUNTECK,Other,0.0
SUNTV,Other,0.0
SUPERHOUSE,Other,0.0
SUPERSPIN,Other,0.0
SUPRAJIT,Other,0.0
SUPREME,Other,0.0
SUPREMEENG,Other,0.0
SUPREMEIND,Other,0.0
SUPREMEINF,Other,0.0
SUPRIYA,Other,0.0
SURAJEST,Other,0.0
SURAJLTD,Other,0.0
SURAKSHA,Other,0.0
SURANASOL,Other,0.0
SURANAT&P,Other,0.0
SURYALAXMI,Other,0.0
SURYAROSNI,Other,0.0
SURYODAY,Other,0.0
SUTLEJTEX,Other,0.0
SUVEN,Other,0.0
SUVIDHAA,Other,0.0
SUYOG,Other,0.0
SUZLON,Other,0.0
SVLL,Other,0.0
SVPGLOB,Other,0.0
SWANCORP,Other,0.0
SWANDEF,Other,0.0
SWARAJENG,Other,0.0
SWELECTES,Other,0.0
SWIGGY,Other,0.0
SWSOLAR,Other,0.0
SYMPHONY,Other,0.0
SYNCOMF,Other,0.0
SYNGENE,Other,0.0
SYRMA,Other,0.0
SYSTMTXC,Other,0.0
TAINWALCHM,Other,0.0
TAJGVK,Other,0.0
TAKE,Other,0.0
TALBROAUTO,Other,0.0
TANLA,Other,0.0
TARACHAND,Other,0.0
TARAPUR,Other,0.0
TARC,Other,0.0
TARIL,Other,0.0
TARMAT,Other,0.0
TARSONS,Other,0.0
TASTYBITE,Other,0.0
TATACAP,Other,0.0
TATACHEM,Other,0.0
TATACOMM,Other,0.0
TATACONSUM,Other,0.0
TATAELXSI,Other,0.0
TATAINVEST,Other,0.0
TATAPOWER,Other,0.0
TATASTEEL,Other,0.0
TATATECH,Other,0.0
TATVA,Other,0.0
TBOTEK,Other,0.0
TBZ,Other,0.0
TCC,Other,0.0
TCI,Other,0.0
TCIEXP,Other,0.0
TCIFINANCE,Other,0.0
TCPLPACK,Other,0.0
TCS,Other,0.0
TDPOWERSYS,Other,0.0
TEAMGTY,Other,0.0
TEAMLEASE,Other,0.0
TECHM,Other,0.0
TECHNOE,Other,0.0
TECILCHEM,Other,0.0
TEGA,Other,0.0
TEJASNET,Other,0.0
TEMBO,Other,0.0
TENNIND,Other,0.0
TERASOFT,Other,0.0
TEXINFRA,Other,0.0
TEXMOPIPES,Other,0.0
TEXRAIL,Other,0.0
TFCILTD,Other,0.0
TFL,Other,0.0
TGBHOTELS,Other,0.0
THANGAMAYL,Other,0.0
THEINVEST,Other,0.0
THEJO,Other,0.0
THELEELA,Other,0.0
THEMISMED,Other,0.0
THERMAX,Other,0.0
THOMASCOOK,Other,0.0
THOMASCOTT,Other,0.0
THYROCARE,Other,0.0
TI,Other,0.0
TICL,Other,0.0
TIGERLOGS,Other,0.0
TIIL,Other,0.0
TIINDIA,Other,0.0
TIJARIA,Other,0.0
TIL,Other,0.0
TIMETECHNO,Other,0.0
TIMKEN,Other,0.0
TINNARUBR,Other,0.0
TIPSFILMS,Other,0.0
TIPSMUSIC,Other,0.0
TIRUMALCHM,Other,0.0
TIRUPATIFL,Other,0.0
TITAGARH,Other,0.0
TITAN,Other,0.0
TMB,Other,0.0
TMCV,Other,0.0
TMPV,Other,0.0
TNPETRO,Other,0.0
TNPL,Other,0.0
TNTELE,Other,0.0
TOKYOPLAST,Other,0.0
TOLINS,Other,0.0
TORNTPHARM,Other,0.0
TORNTPOWER,Other,0.0
TOTAL,Other,0.0
TOUCHWOOD,Other,0.0
TPHQ,Other,0.0
TPLPLASTEH,Other,0.0
TRACXN,Other,0.0
TRANSRAILL,Other,0.0
TRANSWORLD,Other,0.0
TRAVELFOOD,Other,0.0
TREEHOUSE,Other,0.0
TREJHARA,Other,0.0
TREL,Other,0.0
TRENT,Other,0.0
TRF,Other,0.0
TRIDENT,Other,0.0
TRIGYN,Other,0.0
TRITURBINE,Other,0.0
TRIVENI,Other,0.0
TRU,Other,0.0
TRUALT,Other,0.0
TSFINV,Other,0.0
TTKHLTCARE,Other,0.0
TTKPRESTIG,Other,0.0
TTL,Other,0.0
TTML,Other,0.0
TVSELECT,Other,0.0
TVSHLTD,Other,0.0
TVSMOTOR,Other,0.0
TVSSCS,Other,0.0
TVSSRICHAK,Other,0.0
TVTODAY,Other,0.0
TVVISION,Other,0.0
UBL,Other,0.0
UCAL,Other,0.0
UCOBANK,Other,0.0
UDS,Other,0.0
UEL,Other,0.0
UFBL,Other,0.0
UFLEX,Other,0.0
UFO,Other,0.0
UGARSUGAR,Other,0.0
UGROCAP,Other,0.0
UJJIVANSFB,Other,0.0
ULTRACEMCO,Other,0.0
UMAEXPORTS,Other,0.0
UMESLTD,Other,0.0
UMIYA-MRO,Other,0.0
UNICHEMLAB,Other,0.0
UNIDT,Other,0.0
UNIECOM,Other,0.0
UNIENTER,Other,0.0
UNIINFO,Other,0.0
UNIMECH,Other,0.0
UNIONBANK,Other,0.0
UNIPARTS,Other,0.0
UNITDSPR,Other,0.0
UNITECH,Other,0.0
UNITEDPOLY,Other,0.0
UNITEDTEA,Other,0.0
UNIVASTU,Other,0.0
UNIVCABLES,Other,0.0
UNIVPHOTO,Other,0.0
UNOMINDA,Other,0.0
UPL,Other,0.0
URAVIDEF,Other,0.0
URBANCO,Other,0.0
URJA,Other,0.0
USHAMART,Other,0.0
USK,Other,0.0
UTIAMC,Other,0.0
UTKARSHBNK,Other,0.0
UTLSOLAR,Other,0.0
UTTAMSUGAR,Other,0.0
UYFINCORP,Other,0.0
V2RETAIL,Other,0.0
VADILALIND,Other,0.0
VAIBHAVGBL,Other,0.0
VAISHALI,Other,0.0
VAKRANGEE,Other,0.0
VALIANTLAB,Other,0.0
VALIANTORG,Other,0.0
VARDHACRLC,Other,0.0
VARDMNPOLY,Other,0.0
VARROC,Other,0.0
VASCONEQ,Other,0.0
VASWANI,Other,0.0
VBL,Other,0.0
VCL,Other,0.0
VEDL,Other,0.0
VEEDOL,Other,0.0
VENKEYS,Other,0.0
VENTIVE,Other,0.0
VENUSPIPES,Other,0.0
VENUSREM,Other,0.0
VERANDA,Other,0.0
VERTOZ,Other,0.0
VESUVIUS,Other,0.0
VETO,Other,0.0
VGL,Other,0.0
VGUARD,Other,0.0
VHL,Other,0.0
VHLTD,Other,0.0
VIDHIING,Other,0.0
VIDYAWIRES,Other,0.0
VIJAYA,Other,0.0
VIJIFIN,Other,0.0
VIKASECO,Other,0.0
VIKASLIFE,Other,0.0
VIKRAMSOLR,Other,0.0
VIKRAN,Other,0.0
VIMTALABS,Other,0.0
VINATIORGA,Other,0.0
VINCOFE,Other,0.0
VINDHYATEL,Other,0.0
VINEETLAB,Other,0.0
VINNY,Other,0.0
VINYLINDIA,Other,0.0
VIPCLOTHNG,Other,0.0
VIPIND,Other,0.0
VIPULLTD,Other,0.0
VIRINCHI,Other,0.0
VISAKAIND,Other,0.0
VISASTEEL,Other,0.0
VISHNU,Other,0.0
VISHWARAJ,Other,0.0
VITAL,Other,0.0
VIVIDHA,Other,0.0
VIVIMEDLAB,Other,0.0
VIYASH,Other,0.0
VLEGOV,Other,0.0
VLSFINANCE,Other,0.0
VMART,Other,0.0
VMM,Other,0.0
VMSTMT,Other,0.0
VOLTAMP,Other,0.0
VOLTAS,Other,0.0
VPRPL,Other,0.0
VRAJ,Other,0.0
VRLLOG,Other,0.0
VSSL,Other,0.0
VSTIND,Other,0.0
VSTL,Other,0.0
VSTTILLERS,Other,0.0
VTL,Other,0.0
WAAREEENER,Other,0.0
WAAREEINDO,Other,0.0
WAAREERTL,Other,0.0
WABAG,Other,0.0
WAKEFIT,Other,0.0
WALCHANNAG,Other,0.0
WANBURY,Other,0.0
WCIL,Other,0.0
WEALTH,Other,0.0
WEBELSOLAR,Other,0.0
WEIZMANIND,Other,0.0
WEL,Other,0.0
WELCORP,Other,0.0
WELENT,Other,0.0
WELINV,Other,0.0
WELSPUNLIV,Other,0.0
WENDT,Other,0.0
WESTLIFE,Other,0.0
WEWIN,Other,0.0
WEWORK,Other,0.0
WHEELS,Other,0.0
WHIRLPOOL,Other,0.0
WILLAMAGOR,Other,0.0
WINDLAS,Other,0.0
WINDMACHIN,Other,0.0
WINSOME,Other,0.0
WIPL,Other,0.0
WIPRO,Other,0.0
WOCKPHARMA,Other,0.0
WONDERLA,Other,0.0
WORTHPERI,Other,0.0
WSI,Other,0.0
WSTCSTPAPR,Other,0.0
XCHANGING,Other,0.0
XELPMOC,Other,0.0
XPROINDIA,Other,0.0
XTGLOBAL,Other,0.0
YASHO,Other,0.0
YATHARTH,Other,0.0
YATRA,Other,0.0
YESBANK,Other,0.0
YUKEN,Other,0.0
ZAGGLE,Other,0.0
ZEEL,Other,0.0
ZEELEARN,Other,0.0
ZEEMEDIA,Other,0.0
ZENITHEXPO,Other,0.0
ZENITHSTL,Other,0.0
ZENSARTECH,Other,0.0
ZENTEC,Other,0.0
ZFCVINDIA,Other,0.0
ZIMLAB,Other,0.0
ZODIAC,Other,0.0
ZODIACLOTH,Other,0.0
ZOTA,Other,0.0
ZUARI,Other,0.0
ZUARIIND,Other,0.0
ZYDUSLIFE,Other,0.0
ZYDUSWELL,Other,0.0
