SYMBOL,SECTOR
20MICRONS,Basic Materials
21STCENMGM,Financial Services
360ONE,Financial Services
3IINFOLTD,Technology
3MINDIA,Industrials
3PLAND,Other
5PAISA,Financial Services
63MOONS,Technology
A2ZINFRA,Industrials
AAATECH,Technology
AADHARHFC,Financial Services
AAKASH,Energy
AAREYDRUGS,Healthcare
AARNAV,Other
AARON,Industrials
AARTECH,Industrials
AARTIDRUGS,Healthcare
AARTIIND,Basic Materials
AARTIPHARM,Healthcare
AARTISURF,Basic Materials
AARVI,Industrials
AAVAS,Financial Services
ABB,Industrials
ABBOTINDIA,Healthcare
ABCAPITAL,Financial Services
ABCOTS,Consumer Cyclical
ABDL,Consumer Defensive
ABFRL,Consumer Cyclical
ABINFRA,Industrials
ABLBL,Consumer Cyclical
ABMINTLLTD,Basic Materials
ABREL,Real Estate
ABSLAMC,Financial Services
ACC,Basic Materials
ACCELYA,Technology
ACCURACY,Industrials
ACE,Industrials
ACEINTEG,Industrials
ACI,Basic Materials
ACL,Basic Materials
ACMESOLAR,Utilities
ACUTAAS,Basic Materials
ADANIENSOL,Utilities
ADANIENT,Energy
ADANIGREEN,Utilities
ADANIPORTS,Industrials
ADANIPOWER,Utilities
ADFFOODS,Consumer Defensive
ADL,Consumer Cyclical
ADOR,Industrials
ADROITINFO,Technology
ADSL,Technology
ADVAIT,Industrials
ADVANCE,Basic Materials
ADVANIHOTR,Consumer Cyclical
ADVENTHTL,Consumer Cyclical
ADVENZYMES,Basic Materials
AEGISLOG,Energy
AEGISVOPAK,Energy
AEPL,Industrials
AEQUS,Industrials
AEROENTER,Basic Materials
AEROFLEX,Industrials
AERONEU,Consumer Cyclical
AETHER,Basic Materials
AFCONS,Industrials
AFFLE,Communication Services
AFFORDABLE,Industrials
AFIL,Financial Services
AFSL,Financial Services
AGARIND,Basic Materials
AGARWALEYE,Healthcare
AGI,Consumer Cyclical
AGIIL,Real Estate
AGRITECH,Consumer Defensive
AGROPHOS,Basic Materials
AGSTRA,Technology
AHCL,Healthcare
AHLADA,Industrials
AHLEAST,Consumer Cyclical
AHLUCONT,Industrials
AHLWEST,Consumer Cyclical
AIAENG,Industrials
AIIL,Financial Services
AIRAN,Technology
AIROLAM,Consumer Cyclical
AJANTPHARM,Healthcare
AJAXENGG,Industrials
AJMERA,Real Estate
AJOONI,Consumer Defensive
AKASH,Industrials
AKG,Industrials
AKI,Consumer Cyclical
AKSHAR,Consumer Cyclical
AKSHARCHEM,Basic Materials
AKSHOPTFBR,Technology
AKUMS,Healthcare
AKZOINDIA,Basic Materials
ALANKIT,Technology
ALBERTDAVD,Healthcare
ALEMBICLTD,Real Estate
ALGOQUANT,Financial Services
ALICON,Industrials
ALIVUS,Healthcare
ALKALI,Basic Materials
ALKEM,Healthcare
ALKYLAMINE,Basic Materials
ALLCARGO,Industrials
ALLDIGI,Industrials
ALLTIME,Consumer Defensive
ALMONDZ,Financial Services
ALOKINDS,Consumer Cyclical
ALPA,Healthcare
ALPHAGEO,Energy
AMAGI,Technology
AMANTA,Healthcare
AMBER,Consumer Cyclical
AMBICAAGAR,Consumer Defensive
AMBIKCO,Consumer Cyclical
AMBUJACEM,Basic Materials
AMDIND,Consumer Cyclical
AMIRCHAND,Consumer Defensive
AMJLAND,Real Estate
AMNPLST,Basic Materials
AMRUTANJAN,Healthcare
ANANDRATHI,Financial Services
ANANTRAJ,Real Estate
ANDHRAPAP,Basic Materials
ANDHRSUGAR,Basic Materials
ANGELONE,Financial Services
ANIKINDS,Consumer Defensive
ANKITMETAL,Basic Materials
ANMOL,Energy
ANSALAPI,Real Estate
ANTELOPUS,Energy
ANTGRAPHIC,Consumer Cyclical
ANTHEM,Healthcare
ANUHPHR,Healthcare
ANUP,Industrials
ANURAS,Basic Materials
APARINDS,Industrials
APCL,Basic Materials
APCOTEXIND,Basic Materials
APEX,Consumer Defensive
APLAPOLLO,Basic Materials
APLLTD,Healthcare
APOLLO,Industrials
APOLLOHOSP,Healthcare
APOLLOPIPE,Industrials
APOLLOTYRE,Consumer Cyclical
APOLSINHOT,Industrials
APTECHT,Consumer Defensive
APTUS,Financial Services
AQYLON,Communication Services
ARCHIDPLY,Basic Materials
ARCHIES,Consumer Cyclical
ARE&M,Industrials
ARENTERP,Basic Materials
ARFIN,Basic Materials
ARIES,Basic Materials
ARIHANTCAP,Financial Services
ARIHANTSUP,Real Estate
ARIS,Industrials
ARKADE,Real Estate
ARMANFIN,Financial Services
AROGRANITE,Industrials
ARROWGREEN,Consumer Cyclical
ARSHIYA,Industrials
ARSSBL,Financial Services
ARTEMISMED,Other
ARTNIRMAN,Real Estate
ARVEE,Basic Materials
ARVIND,Consumer Cyclical
ARVINDFASN,Consumer Cyclical
ARVSMART,Real Estate
ASAHIINDIA,Consumer Cyclical
ASAHISONG,Basic Materials
ASAL,Consumer Cyclical
ASALCBR,Consumer Defensive
ASHAPURMIN,Basic Materials
ASHIANA,Real Estate
ASHIMASYN,Real Estate
ASHOKA,Industrials
ASHOKAMET,Basic Materials
ASHOKLEY,Industrials
ASIANENE,Energy
ASIANHOTNR,Consumer Cyclical
ASIANPAINT,Basic Materials
ASIANTILES,Industrials
ASKAUTOLTD,Consumer Cyclical
ASMS,Technology
ASPINWALL,Consumer Defensive
ASTEC,Basic Materials
ASTERDM,Healthcare
ASTRAL,Industrials
ASTRAMICRO,Technology
ASTRAZEN,Healthcare
ASTRON,Basic Materials
ATALREAL,Industrials
ATAM,Industrials
ATGL,Utilities
ATHERENERG,Consumer Cyclical
ATL,Industrials
ATLANTAA,Industrials
ATLANTAELE,Industrials
ATLASCYCLE,Consumer Cyclical
ATUL,Basic Materials
ATULAUTO,Consumer Cyclical
AUBANK,Financial Services
AURIGROW,Industrials
AURIONPRO,Technology
AUROPHARMA,Healthcare
AURUM,Real Estate
AUSOMENT,Financial Services
AUTOAXLES,Consumer Cyclical
AUTOIND,Consumer Cyclical
AVADHSUGAR,Consumer Defensive
AVALON,Technology
AVANTEL,Technology
AVANTIFEED,Consumer Defensive
AVG,Industrials
AVL,Consumer Cyclical
AVONMORE,Financial Services
AVROIND,Consumer Cyclical
AVTNPL,Basic Materials
AWFIS,Industrials
AWHCL,Industrials
AWL,Consumer Defensive
AXISBANK,Financial Services
AXISCADES,Industrials
AXITA,Consumer Cyclical
AYE,Financial Services
AYMSYNTEX,Consumer Cyclical
AZAD,Industrials
BAFNAPH,Healthcare
BAGFILMS,Communication Services
BAIDFIN,Financial Services
BAJAJ-AUTO,Consumer Cyclical
BAJAJCON,Consumer Defensive
BAJAJELEC,Consumer Cyclical
BAJAJFINSV,Financial Services
BAJAJHCARE,Healthcare
BAJAJHFL,Financial Services
BAJAJHIND,Consumer Defensive
BAJAJHLDNG,Financial Services
BAJAJINDEF,Industrials
BAJEL,Utilities
BAJFINANCE,Financial Services
BALAJEE,Consumer Cyclical
BALAJITELE,Communication Services
BALAMINES,Basic Materials
BALAXI,Healthcare
BALKRISHNA,Consumer Cyclical
BALKRISIND,Consumer Cyclical
BALMLAWRIE,Industrials
BALPHARMA,Healthcare
BALRAMCHIN,Consumer Defensive
BALUFORGE,Industrials
BANARBEADS,Consumer Cyclical
BANARISUG,Consumer Defensive
BANCOINDIA,Consumer Cyclical
BANDHANBNK,Financial Services
BANG,Consumer Cyclical
BANKA,Industrials
BANKBARODA,Financial Services
BANKINDIA,Financial Services
BANSALWIRE,Basic Materials
BANSWRAS,Consumer Cyclical
BASF,Basic Materials
BASML,Consumer Cyclical
BATAINDIA,Consumer Cyclical
BAYERCROP,Basic Materials
BBL,Industrials
BBOX,Technology
BBTC,Consumer Defensive
BBTCL,Consumer Cyclical
BCG,Communication Services
BCLIND,Consumer Defensive
BCONCEPTS,Consumer Cyclical
BCPL,Industrials
BDL,Industrials
BEARDSELL,Industrials
BECTORFOOD,Consumer Defensive
BEDMUTHA,Basic Materials
BEL,Industrials
BELLACASA,Consumer Cyclical
BELRISE,Consumer Cyclical
BEML,Industrials
BEPL,Basic Materials
BERGEPAINT,Basic Materials
BESTAGRO,Basic Materials
BETA,Healthcare
BFINVEST,Financial Services
BFUTILITIE,Industrials
BGRENERGY,Industrials
BHAGCHEM,Basic Materials
BHAGERIA,Basic Materials
BHAGYANGR,Basic Materials
BHANDARI,Consumer Cyclical
BHARATCOAL,Basic Materials
BHARATFORG,Consumer Cyclical
BHARATGEAR,Consumer Cyclical
BHARATRAS,Basic Materials
BHARATSE,Consumer Cyclical
BHARATWIRE,Basic Materials
BHARTIARTL,Communication Services
BHARTIHEXA,Communication Services
BHEL,Industrials
BIGBLOC,Industrials
BIKAJI,Consumer Defensive
BIL,Consumer Cyclical
BILVYAPAR,Basic Materials
BIOCON,Healthcare
BIOFILCHEM,Healthcare
BIRLACABLE,Technology
BIRLACORPN,Basic Materials
BIRLAMONEY,Financial Services
BIRLANU,Industrials
BLACKBUCK,Technology
BLAL,Financial Services
BLBLIMITED,Financial Services
BLISSGVS,Healthcare
BLKASHYAP,Industrials
BLS,Industrials
BLSE,Industrials
BLUECOAST,Consumer Cyclical
BLUEDART,Industrials
BLUEJET,Healthcare
BLUESTARCO,Industrials
BLUESTONE,Consumer Cyclical
BLUSPRING,Industrials
BMWVENTLTD,Basic Materials
BODALCHEM,Basic Materials
BOHRAIND,Basic Materials
BOMDYEING,Consumer Cyclical
BONLON,Basic Materials
BORANA,Consumer Cyclical
BOROLTD,Consumer Cyclical
BORORENEW,Technology
BOROSCI,Consumer Cyclical
BOSCH-HCIL,Consumer Cyclical
BOSCHLTD,Consumer Cyclical
BPCL,Energy
BPL,Technology
BRIGADE,Real Estate
BRIGHOTEL,Consumer Cyclical
BRITANNIA,Consumer Defensive
BRNL,Industrials
BROOKS,Healthcare
BSE,Financial Services
BSHSL,Basic Materials
BSL,Consumer Cyclical
BSOFT,Technology
BTML,Communication Services
BUILDPRO,Consumer Cyclical
BUTTERFLY,Consumer Cyclical
BVCL,Basic Materials
BYKE,Consumer Cyclical
CALSOFT,Technology
CAMLINFINE,Basic Materials
CAMPUS,Consumer Cyclical
CAMS,Technology
CANBK,Financial Services
CANFINHOME,Financial Services
CANHLIFE,Financial Services
CANTABIL,Consumer Cyclical
CAPACITE,Industrials
CAPILLARY,Technology
CAPITALSFB,Financial Services
CAPLIPOINT,Healthcare
CAPTRUST,Financial Services
CARBORUNIV,Industrials
CARERATING,Financial Services
CARRARO,Consumer Cyclical
CARTRADE,Consumer Cyclical
CARYSIL,Consumer Cyclical
CASTROLIND,Energy
CCAVENUE,Technology
CCCL,Industrials
CCHHL,Consumer Cyclical
CCL,Consumer Defensive
CDSL,Financial Services
CEATLTD,Consumer Cyclical
CEIGALL,Industrials
CEINSYS,Industrials
CELEBRITY,Consumer Cyclical
CELLO,Consumer Cyclical
CEMPRO,Industrials
CENTENKA,Consumer Cyclical
CENTEXT,Basic Materials
CENTRALBK,Financial Services
CENTRUM,Financial Services
CENTUM,Technology
CENTURYPLY,Basic Materials
CERA,Industrials
CEREBRAINT,Industrials
CESC,Utilities
CEWATER,Utilities
CGCL,Financial Services
CGPOWER,Industrials
CHALET,Consumer Cyclical
CHAMBLFERT,Basic Materials
CHEMBOND,Basic Materials
CHEMBONDCH,Basic Materials
CHEMCON,Basic Materials
CHEMFAB,Basic Materials
CHEMPLASTS,Basic Materials
CHENNPETRO,Energy
CHEVIOT,Consumer Cyclical
CHOICEIN,Financial Services
CHOLAFIN,Financial Services
CHOLAHLDNG,Financial Services
CIEINDIA,Consumer Cyclical
CIFL,Financial Services
CIGNITITEC,Technology
CINELINE,Communication Services
CINEVISTA,Communication Services
CIPLA,Healthcare
CLCIND,Consumer Cyclical
CLEAN,Basic Materials
CLEANMAX,Utilities
CLEDUCATE,Consumer Defensive
CLSEL,Consumer Defensive
CMPDI,Basic Materials
CMSINFO,Industrials
CNL,Technology
COALINDIA,Energy
COASTCORP,Consumer Defensive
COCHINSHIP,Industrials
COFFEEDAY,Consumer Cyclical
COFORGE,Technology
COHANCE,Healthcare
COLPAL,Consumer Defensive
COMPINFO,Technology
COMPUSOFT,Consumer Defensive
COMSYN,Consumer Cyclical
CONCOR,Industrials
CONCORDBIO,Healthcare
CONFIPET,Energy
CONSOFINVT,Financial Services
CONTROLPR,Industrials
CORALFINAC,Real Estate
CORDSCABLE,Industrials
COROMANDEL,Basic Materials
CORONA,Healthcare
COSMOFIRST,Consumer Cyclical
COUNCODOS,Real Estate
CPCAP,Financial Services
CPEDU,Consumer Defensive
CPPLUS,Industrials
CRAFTSMAN,Consumer Cyclical
CRAMC,Financial Services
CREATIVEYE,Communication Services
CREDITACC,Financial Services
CREST,Financial Services
CRISIL,Financial Services
CRIZAC,Consumer Defensive
CROMPTON,Consumer Cyclical
CROWN,Industrials
CSBBANK,Financial Services
CSLFINANCE,Financial Services
CTE,Technology
CUB,Financial Services
CUBEXTUB,Basic Materials
CUMMINSIND,Industrials
CUPID,Consumer Defensive
CURAA,Technology
CYBERMEDIA,Communication Services
CYBERTECH,Technology
CYIENT,Industrials
CYIENTDLM,Technology
DABUR,Consumer Defensive
DALBHARAT,Basic Materials
DALMIASUG,Consumer Defensive
DAMCAPITAL,Financial Services
DAMODARIND,Consumer Cyclical
DANGEE,Consumer Cyclical
DATAMATICS,Technology
DATAPATTNS,Industrials
DAVANGERE,Consumer Defensive
DBCORP,Communication Services
DBEIL,Industrials
DBL,Industrials
DBOL,Consumer Defensive
DBREALTY,Real Estate
DBSTOCKBRO,Financial Services
DCAL,Healthcare
DCBBANK,Financial Services
DCI,Technology
DCM,Industrials
DCMFINSERV,Financial Services
DCMNVL,Consumer Cyclical
DCMSHRIRAM,Industrials
DCMSIL,Industrials
DCMSRIND,Consumer Defensive
DCW,Basic Materials
DCXINDIA,Industrials
DDEVPLSTIK,Basic Materials
DECCANCE,Basic Materials
DEEDEV,Industrials
DEEPAKFERT,Basic Materials
DEEPAKNTR,Basic Materials
DEEPINDS,Energy
DELHIVERY,Industrials
DELPHIFX,Financial Services
DELTACORP,Consumer Cyclical
DELTAMAGNT,Consumer Cyclical
DEN,Communication Services
DENORA,Industrials
DENTA,Industrials
DEVIT,Technology
DEVX,Real Estate
DEVYANI,Consumer Cyclical
DGCONTENT,Communication Services
DHAMPURSUG,Consumer Defensive
DHANBANK,Financial Services
DHANUKA,Basic Materials
DHARAN,Real Estate
DHARMAJ,Basic Materials
DHRUV,Industrials
DHUNINV,Financial Services
DIACABS,Industrials
DIAMINESQ,Basic Materials
DIAMONDYD,Consumer Defensive
DICIND,Basic Materials
DIFFNKG,Industrials
DIGIDRIVE,Consumer Cyclical
DIGISPICE,Financial Services
DIGITIDE,Industrials
DIGJAMLMTD,Consumer Cyclical
DISHTV,Communication Services
DIVGIITTS,Consumer Cyclical
DIVISLAB,Healthcare
DIXON,Technology
DJML,Industrials
DLF,Real Estate
DLINKINDIA,Technology
DMART,Consumer Defensive
DMCC,Basic Materials
DNAMEDIA,Communication Services
DODLA,Consumer Defensive
DOLATALGO,Financial Services
DOLLAR,Consumer Cyclical
DOLPHIN,Energy
DOMS,Industrials
DONEAR,Consumer Cyclical
DPABHUSHAN,Consumer Cyclical
DPSCLTD,Utilities
DPWIRES,Industrials
DRCSYSTEMS,Technology
DREAMFOLKS,Industrials
DREDGECORP,Industrials
DRREDDY,Healthcare
DSFCL,Basic Materials
DSSL,Technology
DTIL,Consumer Defensive
DUCON,Industrials
DVL,Financial Services
DWARKESH,Consumer Defensive
DYCL,Industrials
DYNAMATECH,Consumer Cyclical
DYNPRO,Basic Materials
E2E,Technology
EASEMYTRIP,Consumer Cyclical
EASTSILK,Consumer Cyclical
EBGNG,Technology
ECLERX,Technology
ECOSMOBLTY,Industrials
EDELWEISS,Financial Services
EFCIL,Real Estate
EICHERMOT,Consumer Cyclical
EIDPARRY,Basic Materials
EIEL,Industrials
EIFFL,Consumer Defensive
EIHAHOTELS,Consumer Cyclical
EIHOTEL,Consumer Cyclical
EIMCOELECO,Industrials
EKC,Industrials
ELDEHSG,Real Estate
ELECON,Industrials
ELECTCAST,Industrials
ELECTHERM,Basic Materials
ELGIEQUIP,Industrials
ELGIRUBCO,Consumer Cyclical
ELIN,Industrials
ELLEN,Basic Materials
EMAMILTD,Consumer Defensive
EMAMIPAP,Basic Materials
EMAMIREAL,Real Estate
EMBDL,Real Estate
EMCURE,Healthcare
EMIL,Consumer Cyclical
EMKAY,Financial Services
EMMBI,Consumer Cyclical
EMMVEE,Technology
EMSLIMITED,Industrials
EMUDHRA,Technology
ENDURANCE,Consumer Cyclical
ENERGYDEV,Utilities
ENGINERSIN,Industrials
ENIL,Communication Services
ENRIN,Utilities
ENTERO,Healthcare
EPACK,Consumer Cyclical
EPACKPEB,Industrials
EPIGRAL,Basic Materials
EPL,Consumer Cyclical
EQUIPPP,Technology
EQUITASBNK,Financial Services
ERIS,Healthcare
ESABINDIA,Industrials
ESAFSFB,Financial Services
ESCORTS,Industrials
ESSARSHPNG,Industrials
ESSENTIA,Consumer Defensive
ESTER,Basic Materials
ETERNAL,Consumer Cyclical
ETHOSLTD,Consumer Cyclical
EUREKAFORB,Consumer Cyclical
EUROBOND,Industrials
EUROPRATIK,Basic Materials
EUROTEXIND,Real Estate
EVEREADY,Industrials
EVERESTIND,Industrials
EXCELINDUS,Basic Materials
EXCELSOFT,Technology
EXICOM,Industrials
EXIDEIND,Consumer Cyclical
EXPLEOSOL,Technology
EXXARO,Industrials
FABTECH,Healthcare
FACT,Basic Materials
FAIRCHEMOR,Basic Materials
FAZE3Q,Consumer Cyclical
FCL,Basic Materials
FCSSOFT,Technology
FDC,Healthcare
FEDERALBNK,Financial Services
FEDFINA,Financial Services
FEL,Consumer Cyclical
FELDVR,Consumer Cyclical
FIBERWEB,Consumer Cyclical
FIEMIND,Consumer Cyclical
FILATEX,Consumer Cyclical
FILATFASH,Consumer Cyclical
FINCABLES,Industrials
FINEORG,Basic Materials
FINKURVE,Financial Services
FINOPB,Financial Services
FINPIPE,Industrials
FIRSTCRY,Consumer Cyclical
FISCHER,Healthcare
FIVESTAR,Financial Services
FLAIR,Industrials
FLEXITUFF,Consumer Cyclical
FLFL,Consumer Cyclical
FLUOROCHEM,Basic Materials
FMGOETZE,Consumer Cyclical
FMNL,Real Estate
FOCUS,Consumer Cyclical
FOODSIN,Consumer Defensive
FORCEMOT,Consumer Cyclical
FORTIS,Healthcare
FOSECOIND,Basic Materials
FRACTAL,Technology
FSL,Technology
FUSION,Financial Services
GABRIEL,Consumer Cyclical
GAEL,Consumer Defensive
GAIL,Utilities
GALAPREC,Industrials
GALAXYSURF,Basic Materials
GALLANTT,Basic Materials
GANDHAR,Energy
GANDHITUBE,Industrials
GANECOS,Consumer Cyclical
GANESHBE,Basic Materials
GANESHCP,Consumer Defensive
GANESHHOU,Real Estate
GANGAFORGE,Industrials
GANGESSECU,Consumer Defensive
GARFIBRES,Consumer Cyclical
GARUDA,Industrials
GATECH,Financial Services
GATECHDVR,Financial Services
GATEWAY,Industrials
GAUDIUMIVF,Healthcare
GAYAHWS,Industrials
GCSL,Financial Services
GEECEE,Real Estate
GEEKAYWIRE,Industrials
GEMAROMA,Basic Materials
GENCON,Industrials
GENESYS,Technology
GENSOL,Technology
GENUSPAPER,Basic Materials
GENUSPOWER,Industrials
GEOJITFSL,Financial Services
GESHIP,Industrials
GFLLIMITED,Financial Services
GHCL,Basic Materials
GHCLTEXTIL,Consumer Cyclical
GICHSGFIN,Financial Services
GICL,Industrials
GICRE,Financial Services
GILLANDERS,Consumer Defensive
GILLETTE,Consumer Defensive
GINNIFILA,Consumer Cyclical
GIPCL,Utilities
GKENERGY,Utilities
GKSL,Healthcare
GKWLIMITED,Industrials
GLAND,Healthcare
GLAXO,Healthcare
GLENMARK,Healthcare
GLFL,Financial Services
GLOBAL,Consumer Defensive
GLOBALE,Consumer Cyclical
GLOBALVECT,Industrials
GLOBE,Consumer Cyclical
GLOBECIVIL,Industrials
GLOBUSSPR,Consumer Defensive
GLOSTERLTD,Consumer Cyclical
GLOTTIS,Industrials
GMBREW,Consumer Defensive
GMDCLTD,Energy
GMMPFAUDLR,Industrials
GMRAIRPORT,Industrials
GMRP&UI,Energy
GNA,Consumer Cyclical
GNFC,Basic Materials
GOACARBON,Basic Materials
GOCLCORP,Basic Materials
GOCOLORS,Consumer Cyclical
GODAVARIB,Basic Materials
GODFRYPHLP,Consumer Defensive
GODIGIT,Financial Services
GODREJAGRO,Consumer Defensive
GODREJCP,Consumer Defensive
GODREJIND,Industrials
GODREJPROP,Real Estate
GOKEX,Consumer Cyclical
GOKUL,Consumer Defensive
GOKULAGRO,Consumer Defensive
GOLDENTOBC,Consumer Defensive
GOLDIAM,Consumer Cyclical
GOLDTECH,Technology
GOODLUCK,Basic Materials
GOPAL,Consumer Defensive
GOYALALUM,Basic Materials
GPIL,Basic Materials
GPPL,Industrials
GPTHEALTH,Healthcare
GPTINFRA,Industrials
GRANULES,Healthcare
GRAPHITE,Industrials
GRASIM,Basic Materials
GRAVITA,Industrials
GREAVESCOT,Industrials
GREENLAM,Consumer Cyclical
GREENPANEL,Basic Materials
GREENPLY,Basic Materials
GREENPOWER,Utilities
GRINDWELL,Industrials
GRINFRA,Industrials
GRMOVER,Consumer Defensive
GROBTEA,Consumer Defensive
GROWW,Financial Services
GRPLTD,Consumer Cyclical
GRSE,Industrials
GRWRHITECH,Basic Materials
GSFC,Basic Materials
GSLSU,Basic Materials
GSPCROP,Basic Materials
GSPL,Utilities
GSS,Technology
GTECJAINX,Consumer Defensive
GTL,Communication Services
GTLINFRA,Technology
GTPL,Communication Services
GUFICBIO,Healthcare
GUJALKALI,Basic Materials
GUJAPOLLO,Industrials
GUJGASLTD,Utilities
GUJRAFFIA,Other
GUJTHEM,Healthcare
GULFOILLUB,Basic Materials
GULFPETRO,Energy
GULPOLY,Basic Materials
GVKPIL,Utilities
GVPIL,Industrials
GVPTECH,Technology
GVT&D,Industrials
HAL,Industrials
HALDER,Consumer Defensive
HALEOSLABS,Healthcare
HAPPSTMNDS,Technology
HAPPYFORGE,Industrials
HARDWYN,Industrials
HARIOMPIPE,Basic Materials
HARRMALAYA,Consumer Defensive
HARSHA,Industrials
HATHWAY,Communication Services
HATSUN,Consumer Defensive
HAVELLS,Industrials
HAVISHA,Consumer Cyclical
HBLENGINE,Industrials
HBSL,Financial Services
HCC,Industrials
HCG,Healthcare
HCL-INSYS,Technology
HCLTECH,Technology
HDBFS,Financial Services
HDFCAMC,Financial Services
HDFCBANK,Financial Services
HDFCLIFE,Financial Services
HDIL,Real Estate
HEADSUP,Consumer Cyclical
HECPROJECT,Industrials
HEG,Industrials
HEIDELBERG,Basic Materials
HEMIPROP,Real Estate
HERANBA,Basic Materials
HERITGFOOD,Consumer Defensive
HEROMOTOCO,Consumer Cyclical
HESTERBIO,Healthcare
HEXATRADEX,Financial Services
HEXT,Technology
HFCL,Technology
HGINFRA,Industrials
HGM,Technology
HGS,Industrials
HIKAL,Healthcare
HILINFRA,Industrials
HILTON,Industrials
HIMATSEIDE,Consumer Cyclical
HINDALCO,Basic Materials
HINDCOMPOS,Consumer Cyclical
HINDCON,Basic Materials
HINDCOPPER,Basic Materials
HINDOILEXP,Energy
HINDPETRO,Energy
HINDUNILVR,Consumer Defensive
HINDWAREAP,Consumer Cyclical
HINDZINC,Basic Materials
HIRECT,Industrials
HISARMETAL,Basic Materials
HITECH,Basic Materials
HITECHCORP,Consumer Cyclical
HITECHGEAR,Consumer Cyclical
HLEGLAS,Industrials
HLVLTD,Consumer Cyclical
HMAAGRO,Consumer Defensive
HMT,Industrials
HMVL,Communication Services
HNDFDS,Industrials
HOMEFIRST,Financial Services
HONASA,Consumer Defensive
HONAUT,Industrials
HONDAPOWER,Industrials
HPAL,Basic Materials
HPIL,Basic Materials
HPL,Industrials
HSCL,Basic Materials
HTMEDIA,Communication Services
HUBTOWN,Real Estate
HUDCO,Financial Services
HUHTAMAKI,Consumer Cyclical
HYBRIDFIN,Financial Services
HYUNDAI,Consumer Cyclical
IBULLSLTD,Real Estate
ICDSLTD,Real Estate
ICEMAKE,Industrials
ICICIAMC,Financial Services
ICICIBANK,Financial Services
ICICIGI,Financial Services
ICICIPRULI,Financial Services
ICIL,Consumer Cyclical
ICRA,Financial Services
IDBI,Financial Services
IDEA,Communication Services
IDEAFORGE,Technology
IDFCFIRSTB,Financial Services
IEX,Financial Services
IFBAGRO,Consumer Defensive
IFBIND,Consumer Cyclical
IFCI,Financial Services
IFGLEXPOR,Basic Materials
IGARASHI,Consumer Cyclical
IGCL,Basic Materials
IGIL,Basic Materials
IGL,Utilities
IGPL,Basic Materials
IIFL,Financial Services
IIFLCAPS,Financial Services
IITL,Financial Services
IKIO,Technology
IKS,Healthcare
IL&FSENGG,Industrials
IL&FSTRANS,Industrials
IMAGICAA,Communication Services
IMFA,Basic Materials
IMPAL,Consumer Cyclical
IMPEXFERRO,Basic Materials
INA,Technology
INCREDIBLE,Basic Materials
INDBANK,Financial Services
INDGN,Healthcare
INDHOTEL,Consumer Cyclical
INDIACEM,Basic Materials
INDIAGLYCO,Basic Materials
INDIAMART,Communication Services
INDIANB,Financial Services
INDIANCARD,Consumer Cyclical
INDIANHUME,Industrials
INDIASHLTR,Financial Services
INDIGO,Industrials
INDIGOPNTS,Basic Materials
INDIQUBE,Real Estate
INDNIPPON,Consumer Cyclical
INDOAMIN,Basic Materials
INDOBORAX,Basic Materials
INDOCO,Healthcare
INDOFARM,Industrials
INDORAMA,Consumer Cyclical
INDOSTAR,Financial Services
INDOTECH,Industrials
INDOTHAI,Financial Services
INDOUS,Basic Materials
INDOWIND,Utilities
INDRAMEDCO,Healthcare
INDSWFTLAB,Healthcare
INDTERRAIN,Consumer Cyclical
INDUSINDBK,Financial Services
INDUSTOWER,Communication Services
INFOBEAN,Technology
INFOMEDIA,Financial Services
INFY,Technology
INGERRAND,Industrials
INNOVACAP,Healthcare
INNOVANA,Technology
INNOVISION,Industrials
INOXGREEN,Utilities
INOXINDIA,Industrials
INOXWIND,Industrials
INSECTICID,Basic Materials
INSPIRISYS,Technology
INTELLECT,Technology
INTENTECH,Technology
INTERARCH,Industrials
INTLCONV,Industrials
INVENTURE,Financial Services
IOB,Financial Services
IOC,Energy
IOLCP,Healthcare
IONEXCHANG,Industrials
IPCALAB,Healthcare
IPL,Basic Materials
IRB,Industrials
IRCON,Industrials
IRCTC,Consumer Cyclical
IREDA,Financial Services
IRFC,Financial Services
IRIS,Technology
IRISDOREME,Consumer Cyclical
IRMENERGY,Utilities
ISFT,Consumer Cyclical
ISGEC,Industrials
ISHANCH,Basic Materials
ITC,Consumer Defensive
ITCHOTELS,Consumer Cyclical
ITDC,Consumer Cyclical
ITI,Technology
IVALUE,Technology
IVC,Financial Services
IVP,Basic Materials
IXIGO,Consumer Cyclical
IZMO,Technology
J&KBANK,Financial Services
JAGRAN,Communication Services
JAGSNPHARM,Healthcare
JAIBALAJI,Basic Materials
JAICORPLTD,Basic Materials
JAINREC,Basic Materials
JAIPURKURT,Consumer Cyclical
JAMNAAUTO,Consumer Cyclical
JARO,Consumer Defensive
JASH,Industrials
JAYAGROGN,Basic Materials
JAYBARMARU,Consumer Cyclical
JAYKAY,Industrials
JAYNECOIND,Basic Materials
JAYSREETEA,Consumer Defensive
JBCHEPHARM,Healthcare
JBMA,Consumer Cyclical
JETFREIGHT,Industrials
JGCHEM,Basic Materials
JHS,Consumer Defensive
JINDALPHOT,Financial Services
JINDALPOLY,Consumer Cyclical
JINDALSAW,Basic Materials
JINDALSTEL,Basic Materials
JINDRILL,Energy
JINDWORLD,Consumer Cyclical
JIOFIN,Financial Services
JISLDVREQS,Industrials
JISLJALEQS,Industrials
JITFINFRA,Industrials
JKCEMENT,Basic Materials
JKIL,Industrials
JKIPL,Industrials
JKLAKSHMI,Basic Materials
JKPAPER,Basic Materials
JKTYRE,Consumer Cyclical
JLHL,Healthcare
JMA,Consumer Cyclical
JMFINANCIL,Financial Services
JNKINDIA,Industrials
JOCIL,Basic Materials
JPOLYINVST,Financial Services
JPPOWER,Utilities
JSFB,Financial Services
JSL,Basic Materials
JSLL,Healthcare
JSWCEMENT,Basic Materials
JSWENERGY,Utilities
JSWHL,Industrials
JSWINFRA,Industrials
JSWSTEEL,Basic Materials
JTEKTINDIA,Consumer Cyclical
JTLIND,Basic Materials
JUBLCPL,Basic Materials
JUBLFOOD,Consumer Cyclical
JUBLINGREA,Basic Materials
JUBLPHARMA,Healthcare
JUNIPER,Consumer Cyclical
JUSTDIAL,Communication Services
JWL,Industrials
JYOTHYLAB,Consumer Defensive
JYOTICNC,Industrials
JYOTISTRUC,Industrials
KABRAEXTRU,Industrials
KAJARIACER,Industrials
KAKATCEM,Basic Materials
KALAMANDIR,Consumer Cyclical
KALPATARU,Real Estate
KALYANI,Consumer Cyclical
KALYANIFRG,Consumer Cyclical
KALYANKJIL,Consumer Cyclical
KAMATHOTEL,Consumer Cyclical
KAMDHENU,Basic Materials
KAMOPAINTS,Basic Materials
KANANIIND,Consumer Cyclical
KANORICHEM,Basic Materials
KANPRPLA,Consumer Cyclical
KANSAINER,Basic Materials
KAPSTON,Industrials
KARMAENG,Utilities
KARURVYSYA,Financial Services
KAUSHALYA,Industrials
KAVDEFENCE,Technology
KAYA,Consumer Defensive
KAYNES,Technology
KCP,Basic Materials
KCPSUGIND,Consumer Defensive
KDDL,Consumer Cyclical
KEC,Industrials
KECL,Industrials
KEEPLEARN,Consumer Defensive
KEI,Industrials
KELLTONTEC,Technology
KERNEX,Technology
KESORAMIND,Basic Materials
KEYFINSERV,Financial Services
KFINTECH,Technology
KHADIM,Consumer Cyclical
KHAICHEM,Basic Materials
KHAITANLTD,Industrials
KHANDSE,Financial Services
KICL,Financial Services
KILITCH,Healthcare
KIMS,Healthcare
KINGFA,Basic Materials
KIOCL,Basic Materials
KIRIINDUS,Basic Materials
KIRLOSBROS,Industrials
KIRLOSENG,Industrials
KIRLOSIND,Industrials
KIRLPNU,Industrials
KITEX,Consumer Cyclical
KKCL,Consumer Cyclical
KMEW,Industrials
KMSUGAR,Consumer Defensive
KNAGRI,Consumer Defensive
KNRCON,Industrials
KOHINOOR,Consumer Defensive
KOKUYOCMLN,Industrials
KOLTEPATIL,Real Estate
KOPRAN,Healthcare
KOTAKBANK,Financial Services
KOTARISUG,Consumer Defensive
KOTHARIPET,Basic Materials
KOTHARIPRO,Industrials
KOTYARK,Basic Materials
KPEL,Industrials
KPIGREEN,Utilities
KPIL,Industrials
KPITTECH,Technology
KPRMILL,Consumer Cyclical
KRBL,Consumer Defensive
KREBSBIO,Healthcare
KRIDHANINF,Basic Materials
KRISHANA,Basic Materials
KRISHIVAL,Consumer Defensive
KRISHNADEF,Industrials
KRITI,Industrials
KRITIKA,Basic Materials
KRITINUT,Consumer Defensive
KRN,Technology
KRONOX,Basic Materials
KROSS,Consumer Cyclical
KRSNAA,Healthcare
KRYSTAL,Industrials
KSB,Industrials
KSCL,Basic Materials
KSHINTL,Industrials
KSHITIJPOL,Industrials
KSL,Basic Materials
KSOLVES,Technology
KSR,Consumer Cyclical
KTKBANK,Financial Services
KUANTUM,Basic Materials
KWIL,Consumer Defensive
LAGNAM,Consumer Cyclical
LAKPRE,Industrials
LAL,Consumer Cyclical
LALPATHLAB,Healthcare
LAMBODHARA,Consumer Cyclical
LANCORHOL,Real Estate
LANDMARK,Consumer Cyclical
LANDSMILL,Industrials
LAOPALA,Consumer Cyclical
LASA,Healthcare
LATENTVIEW,Industrials
LATTEYS,Industrials
LAURUSLABS,Healthcare
LAXMICOT,Consumer Cyclical
LAXMIDENTL,Healthcare
LAXMIINDIA,Financial Services
LCCINFOTEC,Consumer Defensive
LEMERITE,Consumer Cyclical
LEMONTREE,Consumer Cyclical
LENSKART,Healthcare
LEXUS,Industrials
LFIC,Financial Services
LGBBROSLTD,Consumer Cyclical
LGEINDIA,Technology
LGHL,Consumer Cyclical
LIBAS,Consumer Cyclical
LIBERTSHOE,Consumer Cyclical
LICHSGFIN,Financial Services
LICI,Financial Services
LIKHITHA,Energy
LINC,Industrials
LINCOLN,Healthcare
LINDEINDIA,Basic Materials
LLOYDSENGG,Industrials
LLOYDSENT,Basic Materials
LLOYDSME,Basic Materials
LMW,Industrials
LODHA,Real Estate
LOKESHMACH,Industrials
LORDSCHLO,Basic Materials
LOTUSDEV,Industrials
LOTUSEYE,Healthcare
LOVABLE,Consumer Cyclical
LOYALTEX,Consumer Cyclical
LPDC,Real Estate
LT,Industrials
LTF,Financial Services
LTFOODS,Consumer Defensive
LTM,Technology
LTTS,Technology
LUMAXIND,Consumer Cyclical
LUMAXTECH,Consumer Cyclical
LUPIN,Healthcare
LUXIND,Consumer Cyclical
LXCHEM,Basic Materials
LYKALABS,Healthcare
LYPSAGEMS,Consumer Cyclical
M&M,Consumer Cyclical
M&MFIN,Financial Services
MAANALU,Basic Materials
MACPOWER,Industrials
MADHAV,Industrials
MADHUCON,Industrials
MADRASFERT,Basic Materials
MAGADSUGAR,Consumer Defensive
MAGNUM,Basic Materials
MAHABANK,Financial Services
MAHAPEXLTD,Financial Services
MAHASTEEL,Basic Materials
MAHEPC,Industrials
MAHESHWARI,Industrials
MAHLIFE,Real Estate
MAHLOG,Industrials
MAHSCOOTER,Financial Services
MAHSEAMLES,Basic Materials
MAITHANALL,Basic Materials
MALLCOM,Industrials
MALUPAPER,Basic Materials
MAMATA,Industrials
MANAKALUCO,Basic Materials
MANAKCOAT,Industrials
MANAKSIA,Industrials
MANAKSTEEL,Basic Materials
MANALIPETC,Basic Materials
MANAPPURAM,Financial Services
MANBA,Financial Services
MANCREDIT,Financial Services
MANGALAM,Healthcare
MANGLMCEM,Basic Materials
MANINDS,Basic Materials
MANINFRA,Industrials
MANKIND,Healthcare
MANOMAY,Consumer Cyclical
MANORAMA,Consumer Defensive
MANORG,Basic Materials
MANUGRAPH,Industrials
MANYAVAR,Consumer Cyclical
MAPMYINDIA,Technology
MARALOVER,Consumer Cyclical
MARATHON,Real Estate
MARICO,Consumer Defensive
MARINE,Industrials
MARKOLINES,Industrials
MARKSANS,Healthcare
MARSONS,Industrials
MARUTI,Consumer Cyclical
MASFIN,Financial Services
MASKINVEST,Financial Services
MASTEK,Technology
MASTERTR,Financial Services
MATRIMONY,Communication Services
MAWANASUG,Consumer Defensive
MAXESTATES,Real Estate
MAXHEALTH,Healthcare
MAXIND,Healthcare
MAYURUNIQ,Consumer Cyclical
MAZDA,Industrials
MAZDOCK,Industrials
MBAPL,Basic Materials
MBEL,Industrials
MBLINFRA,Industrials
MCL,Basic Materials
MCLEODRUSS,Consumer Defensive
MCLOUD,Technology
MCX,Financial Services
MEDANTA,Healthcare
MEDIASSIST,Healthcare
MEDICAMEQ,Healthcare
MEDICO,Healthcare
MEDPLUS,Healthcare
MEESHO,Consumer Cyclical
MEGASTAR,Consumer Defensive
MEIL,Industrials
MENONBE,Consumer Cyclical
MEP,Industrials
METROBRAND,Consumer Cyclical
METROPOLIS,Healthcare
MFML,Consumer Cyclical
MFSL,Financial Services
MGEL,Consumer Defensive
MGL,Utilities
MHLXMIRU,Consumer Cyclical
MHRIL,Consumer Cyclical
MICEL,Technology
MIDHANI,Basic Materials
MIDWESTLTD,Basic Materials
MINDACORP,Consumer Cyclical
MINDTECK,Technology
MIRCELECTR,Consumer Cyclical
MIRZAINT,Consumer Cyclical
MITCON,Industrials
MITTAL,Consumer Cyclical
MKPL,Consumer Defensive
MMFL,Industrials
MMP,Basic Materials
MMTC,Industrials
MOBIKWIK,Technology
MODINATUR,Consumer Defensive
MODIRUBBER,Real Estate
MODIS,Real Estate
MODISONLTD,Industrials
MODTHREAD,Consumer Cyclical
MOHITIND,Consumer Cyclical
MOIL,Basic Materials
MOKSH,Consumer Cyclical
MOL,Basic Materials
MOLDTECH,Industrials
MOLDTKPAC,Consumer Cyclical
MONARCH,Financial Services
MONEYBOXX,Financial Services
MONTECARLO,Consumer Cyclical
MORARJEE,Consumer Cyclical
MOREPENLAB,Healthcare
MOSCHIP,Technology
MOTHERSON,Consumer Cyclical
MOTILALOFS,Financial Services
MOTISONS,Consumer Cyclical
MOTOGENFIN,Real Estate
MPHASIS,Technology
MPSLTD,Communication Services
MRF,Consumer Cyclical
MRPL,Energy
MSPL,Basic Materials
MSTCLTD,Industrials
MSUMI,Consumer Cyclical
MTARTECH,Industrials
MTEDUCARE,Consumer Defensive
MTNL,Communication Services
MUFIN,Financial Services
MUFTI,Consumer Cyclical
MUKANDLTD,Basic Materials
MUKKA,Consumer Defensive
MUKTAARTS,Communication Services
MUNJALAU,Consumer Cyclical
MUNJALSHOW,Consumer Cyclical
MURUDCERA,Industrials
MUTHOOTCAP,Financial Services
MUTHOOTFIN,Financial Services
MUTHOOTMF,Financial Services
MVGJL,Consumer Cyclical
MWL,Basic Materials
NACLIND,Basic Materials
NAGAFERT,Basic Materials
NAGREEKCAP,Financial Services
NAGREEKEXP,Consumer Cyclical
NAHARCAP,Financial Services
NAHARINDUS,Consumer Cyclical
NAHARPOLY,Consumer Cyclical
NAHARSPING,Consumer Cyclical
NAM-INDIA,Financial Services
NARMADA,Basic Materials
NATCAPSUQ,Healthcare
NATCOPHARM,Healthcare
NATHBIOGEN,Basic Materials
NATIONALUM,Basic Materials
NAUKRI,Communication Services
NAVA,Industrials
NAVINFLUOR,Basic Materials
NAVKARCORP,Industrials
NAVKARURB,Basic Materials
NAVNETEDUL,Communication Services
NAZARA,Communication Services
NBCC,Industrials
NBIFIN,Financial Services
NCC,Industrials
NCLIND,Basic Materials
NDGL,Financial Services
NDL,Consumer Cyclical
NDLVENTURE,Communication Services
NDRAUTO,Consumer Cyclical
NDTV,Communication Services
NECCLTD,Industrials
NECLIFE,Healthcare
NELCAST,Industrials
NELCO,Technology
NEOGEN,Basic Materials
NEPHROPLUS,Healthcare
NESCO,Industrials
NESTLEIND,Consumer Defensive
NETWEB,Technology
NETWORK18,Communication Services
NEULANDLAB,Healthcare
NEWGEN,Technology
NEXTMEDIA,Communication Services
NFL,Basic Materials
NGIL,Consumer Defensive
NGLFINE,Healthcare
NH,Healthcare
NHPC,Utilities
NIACL,Financial Services
NIBE,Industrials
NIBL,Industrials
NIITLTD,Consumer Defensive
NIITMTS,Consumer Defensive
NILAINFRA,Real Estate
NILASPACES,Real Estate
NILKAMAL,Consumer Cyclical
NIMBSPROJ,Other
NINSYS,Technology
NIPPOBATRY,Industrials
NIRAJ,Industrials
NIRAJISPAT,Consumer Cyclical
NITCO,Industrials
NITINSPIN,Consumer Cyclical
NITIRAJ,Technology
NIVABUPA,Financial Services
NKIND,Consumer Defensive
NLCINDIA,Utilities
NMDC,Basic Materials
NOCIL,Basic Materials
NOIDATOLL,Industrials
NORBTEAEXP,Consumer Defensive
NORTHARC,Financial Services
NOVAAGRI,Basic Materials
NPST,Technology
NRAIL,Basic Materials
NRBBEARING,Consumer Cyclical
NRL,Industrials
NSIL,Financial Services
NSLNISP,Basic Materials
NTPC,Utilities
NTPCGREEN,Utilities
NUCLEUS,Technology
NURECA,Healthcare
NUVAMA,Financial Services
NUVOCO,Basic Materials
NYKAA,Consumer Cyclical
OAL,Basic Materials
OBCL,Industrials
OBEROIRLTY,Real Estate
OCCLLTD,Basic Materials
ODIGMA,Communication Services
OFSS,Technology
OIL,Energy
OILCOUNTUB,Energy
OLAELEC,Consumer Cyclical
OLECTRA,Industrials
OMAXAUTO,Consumer Cyclical
OMAXE,Real Estate
OMFREIGHT,Industrials
OMINFRAL,Industrials
OMKARCHEM,Basic Materials
OMNI,Industrials
ONELIFECAP,Financial Services
ONEPOINT,Industrials
ONESOURCE,Healthcare
ONGC,Energy
ONMOBILE,Communication Services
ONWARDTEC,Technology
OPTIEMUS,Technology
ORBTEXP,Consumer Cyclical
ORCHASP,Technology
ORCHPHARMA,Healthcare
ORICONENT,Consumer Cyclical
ORIENTALTL,Industrials
ORIENTBELL,Industrials
ORIENTCEM,Basic Materials
ORIENTCER,Basic Materials
ORIENTELEC,Consumer Cyclical
ORIENTHOT,Consumer Cyclical
ORIENTLTD,Consumer Cyclical
ORIENTPPR,Basic Materials
ORIENTTECH,Technology
ORISSAMINE,Basic Materials
ORKLAINDIA,Consumer Defensive
ORTEL,Communication Services
ORTINGLOBE,Healthcare
OSIAHYPER,Consumer Cyclical
OSWALAGRO,Real Estate
OSWALGREEN,Financial Services
OSWALPUMPS,Industrials
OSWALSEEDS,Basic Materials
PACEDIGITK,Technology
PAGEIND,Consumer Cyclical
PAISALO,Financial Services
PAKKA,Basic Materials
PALASHSECU,Consumer Defensive
PALREDTEC,Technology
PANACEABIO,Healthcare
PANACHE,Technology
PANAMAPET,Energy
PANSARI,Real Estate
PAR,Healthcare
PARACABLES,Technology
PARADEEP,Basic Materials
PARAGMILK,Consumer Defensive
PARAS,Industrials
PARASPETRO,Consumer Cyclical
PARKHOSPS,Healthcare
PARKHOTELS,Consumer Cyclical
PARSVNATH,Real Estate
PASHUPATI,Consumer Cyclical
PASUPTAC,Consumer Cyclical
PATANJALI,Consumer Defensive
PATELENG,Industrials
PATELRMART,Consumer Cyclical
PATINTLOG,Industrials
PAUSHAKLTD,Basic Materials
PAVNAIND,Consumer Cyclical
PAYTM,Technology
PCBL,Basic Materials
PCJEWELLER,Consumer Cyclical
PDMJEPAPER,Basic Materials
PDSL,Industrials
PEARLPOLY,Consumer Cyclical
PENIND,Industrials
PENINLAND,Real Estate
PERSISTENT,Technology
PETRONET,Energy
PFC,Financial Services
PFIZER,Healthcare
PFOCUS,Communication Services
PFS,Financial Services
PGEL,Technology
PGHH,Consumer Defensive
PGHL,Healthcare
PGIL,Consumer Cyclical
PHOENIXLTD,Real Estate
PICCADIL,Consumer Defensive
PIDILITIND,Basic Materials
PIGL,Industrials
PIIND,Basic Materials
PILANIINVS,Financial Services
PILITA,Consumer Cyclical
PINELABS,Technology
PIONEEREMB,Consumer Cyclical
PIRAMALFIN,Financial Services
PITTIENG,Industrials
PIXTRANS,Industrials
PKTEA,Consumer Defensive
PLASTIBLEN,Basic Materials
PLATIND,Basic Materials
PLAZACABLE,Industrials
PNB,Financial Services
PNBGILTS,Financial Services
PNBHOUSING,Financial Services
PNC,Communication Services
PNCINFRA,Industrials
PNGJL,Consumer Cyclical
PNGSREVA,Consumer Cyclical
POCL,Basic Materials
PODDARMENT,Basic Materials
POKARNA,Industrials
POLICYBZR,Financial Services
POLYCAB,Industrials
POLYMED,Healthcare
POLYPLEX,Basic Materials
PONNIERODE,Consumer Defensive
POONAWALLA,Financial Services
POWERGRID,Utilities
POWERICA,Industrials
POWERINDIA,Industrials
POWERMECH,Industrials
PPAP,Consumer Cyclical
PPL,Industrials
PPLPHARMA,Healthcare
PRABHA,Energy
PRAENG,Real Estate
PRAJIND,Industrials
PRAKASH,Basic Materials
PRAKASHSTL,Basic Materials
PRAXIS,Consumer Cyclical
PRECAM,Consumer Cyclical
PRECOT,Consumer Cyclical
PRECWIRE,Industrials
PREMEXPLN,Basic Materials
PREMIER,Industrials
PREMIERENE,Technology
PREMIERPOL,Basic Materials
PRESTIGE,Real Estate
PRICOLLTD,Consumer Cyclical
PRIMESECU,Financial Services
PRIMO,Basic Materials
PRINCEPIPE,Industrials
PRITI,Consumer Cyclical
PRITIKAUTO,Industrials
PRIVISCL,Basic Materials
PROSTARM,Industrials
PROTEAN,Technology
PROZONER,Real Estate
PRSMJOHNSN,Basic Materials
PRUDENT,Financial Services
PRUDMOULI,Consumer Defensive
PSB,Financial Services
PSPPROJECT,Industrials
PTC,Utilities
PTCIL,Industrials
PTL,Real Estate
PUNJABCHEM,Basic Materials
PURVA,Real Estate
PVP,Industrials
PVRINOX,Communication Services
PVSL,Consumer Cyclical
PWL,Other
PYRAMID,Other
QPOWER,Other
QUADFUTURE,Other
QUESS,Other
QUICKHEAL,Other
RACE,Other
RACLGEAR,Other
RADAAN,Other
RADHIKAJWE,Other
RADIANTCMS,Other
RADICO,Other
RADIOCITY,Other
RAILTEL,Other
RAIN,Other
RAINBOW,Other
RAJESHEXPO,Other
RAJMET,Other
RAJOOENG,Other
RAJRATAN,Other
RAJRILTD,Other
RAJSREESUG,Other
RAJTV,Other
RALLIS,Other
RAMANEWS,Other
RAMAPHO,Other
RAMASTEEL,Other
RAMCOCEM,Other
RAMCOIND,Other
RAMCOSYS,Other
RAMKY,Other
RAMRAT,Other
RANASUG,Other
RANEHOLDIN,Other
RATEGAIN,Other
RATNAMANI,Other
RATNAVEER,Other
RAYMOND,Other
RAYMONDLSL,Other
RAYMONDREL,Other
RBA,Other
RBLBANK,Other
RBZJEWEL,Other
RCF,Other
RCOM,Other
RECLTD,Other
REDINGTON,Other
REDTAPE,Other
REFEX,Other
REGAAL,Other
REGENCERAM,Other
RELAXO,Other
RELCHEMQ,Other
RELIABLE,Other
RELIANCE,Other
RELIGARE,Other
RELINFRA,Other
RELTD,Other
REMSONSIND,Other
RENUKA,Other
REPCOHOME,Other
REPL,Other
REPRO,Other
RESPONIND,Other
RETAIL,Other
RGL,Other
RHETAN,Other
RHIM,Other
RHL,Other
RICOAUTO,Other
RIIL,Other
RISHABH,Other
RITCO,Other
RITES,Other
RKDL,Other
RKEC,Other
RKFORGE,Other
RKSWAMY,Other
RMC,Other
RMDRIP,Other
RML,Other
RNBDENIMS,Other
ROHLTD,Other
ROLEXRINGS,Other
ROLLT,Other
ROML,Other
ROSSARI,Other
ROSSELLIND,Other
ROSSTECH,Other
ROTO,Other
ROUTE,Other
RPEL,Other
RPGLIFE,Other
RPOWER,Other
RPPINFRA,Other
RPPL,Other
RPSGVENT,Other
RPTECH,Other
RRKABEL,Other
RSL,Other
RSSOFTWARE,Other
RSWM,Other
RSYSTEMS,Other
RTNINDIA,Other
RTNPOWER,Other
RUBFILA,Other
RUBICON,Other
RUBYMILLS,Other
RUCHINFRA,Other
RUCHIRA,Other
RUDRA,Other
RUPA,Other
RUSHIL,Other
RUSTOMJEE,Other
RVHL,Other
RVNL,Other
RVTH,Other
S&SPOWER,Other
SAATVIKGL,Other
SABEVENTS,Other
SADBHAV,Other
SADBHIN,Other
SADHNANIQ,Other
SAFARI,Other
SAGARDEEP,Other
SAGCEM,Other
SAGILITY,Other
SAHYADRI,Other
SAIL,Other
SAILIFE,Other
SAIPARENT,Other
SAKAR,Other
SAKHTISUG,Other
SAKSOFT,Other
SAKUMA,Other
SALASAR,Other
SALONA,Other
SALSTEEL,Other
SALZERELEC,Other
SAMBHAAV,Other
SAMBHV,Other
SAMHI,Other
SAMMAANCAP,Other
SAMPANN,Other
SANATHAN,Other
SANCO,Other
SANDESH,Other
SANDHAR,Other
SANDUMA,Other
SANGAMIND,Other
SANGHIIND,Other
SANGHVIMOV,Other
SANGINITA,Other
SANOFI,Other
SANOFICONR,Other
SANSERA,Other
SANSTAR,Other
SAPPHIRE,Other
SARDAEN,Other
SAREGAMA,Other
SARLAPOLY,Other
SARVESHWAR,Other
SASKEN,Other
SASTASUNDR,Other
SATIA,Other
SATIN,Other
SAURASHCEM,Other
SBC,Other
SBCL,Other
SBFC,Other
SBGLP,Other
SBICARD,Other
SBILIFE,Other
SBIN,Other
SCHAEFFLER,Other
SCHAND,Other
SCHNEIDER,Other
SCI,Other
SCILAL,Other
SCODATUBES,Other
SCPL,Other
SDBL,Other
SEAMECLTD,Other
SECMARK,Other
SECURKLOUD,Other
SEDEMAC,Other
SEJALLTD,Other
SELMC,Other
SEMAC,Other
SENCO,Other
SENORES,Other
SEPC,Other
SERVOTECH,Other
SESHAPAPER,Other
SETCO,Other
SETL,Other
SETUINFRA,Other
SEYAIND,Other
SFL,Other
SGFIN,Other
SGIL,Other
SGL,Other
SGMART,Other
SHADOWFAX,Other
SHAH,Other
SHAHALLOYS,Other
SHAILY,Other
SHAKTIPUMP,Other
SHALBY,Other
SHALPAINTS,Other
SHANKARA,Other
SHANTI,Other
SHANTIGEAR,Other
SHANTIGOLD,Other
SHARDACROP,Other
SHARDAMOTR,Other
SHAREINDIA,Other
SHEKHAWATI,Other
SHEMAROO,Other
SHILCTECH,Other
SHILPAMED,Other
SHIVALIK,Other
SHIVAMAUTO,Other
SHIVAMILLS,Other
SHIVATEX,Other
SHIVAUM,Other
SHK,Other
SHOPERSTOP,Other
SHRADHA,Other
SHREDIGCEM,Other
SHREECEM,Other
SHREEJISPG,Other
SHREEPUSHK,Other
SHREERAMA,Other
SHRENIK,Other
SHREYANIND,Other
SHRINGARMS,Other
SHRIPISTON,Other
SHRIRAMFIN,Other
SHRIRAMPPS,Other
SHYAMCENT,Other
SHYAMMETL,Other
SHYAMTEL,Other
SICALLOG,Other
SIEMENS,Other
SIGACHI,Other
SIGIND,Other
SIGMA,Other
SIGMAADV,Other
SIGNATURE,Other
SIGNPOST,Other
SIKKO,Other
SIL,Other
SILGO,Other
SILINV,Other
SILLYMONKS,Other
SILVERTUC,Other
SIMBHALS,Other
SIMPLEXINF,Other
SINCLAIR,Other
SINDHUTRAD,Other
SINGERIND,Other
SINTERCOM,Other
SIRCA,Other
SIS,Other
SITINET,Other
SIYSIL,Other
SJS,Other
SJVN,Other
SKFINDIA,Other
SKFINDUS,Other
SKIPPER,Other
SKMEGGPROD,Other
SKYGOLD,Other
SMARTLINK,Other
SMARTWORKS,Other
SMCGLOBAL,Other
SMLMAH,Other
SMLT,Other
SMSPHARMA,Other
SNOWMAN,Other
SOBHA,Other
SOFTTECH,Other
SOLARA,Other
SOLARINDS,Other
SOLARWORLD,Other
SOLEX,Other
SOMANYCERA,Other
SOMATEX,Other
SOMICONVEY,Other
SONACOMS,Other
SONAMLTD,Other
SONATSOFTW,Other
SOTL,Other
SOUTHBANK,Other
SOUTHWEST,Other
SPAL,Other
SPANDANA,Other
SPARC,Other
SPCENET,Other
SPECIALITY,Other
SPECTRUM,Other
SPENCERS,Other
SPIC,Other
SPLIL,Other
SPLPETRO,Other
SPMLINFRA,Other
SPORTKING,Other
SRD,Other
SREEL,Other
SRF,Other
SRGHFL,Other
SRHHYPOLTD,Other
SRM,Other
SRTL,Other
SSDL,Other
SSWL,Other
STALLION,Other
STANLEY,Other
STAR,Other
STARCEMENT,Other
STARHEALTH,Other
STARPAPER,Other
STARTECK,Other
STCINDIA,Other
STEELCAS,Other
STEELCITY,Other
STEELXIND,Other
STEL,Other
STERTOOLS,Other
STLNETWORK,Other
STLTECH,Other
STOVEKRAFT,Other
STUDDS,Other
STYL,Other
STYLAMIND,Other
STYLEBAAZA,Other
STYRENIX,Other
SUBEXLTD,Other
SUBROS,Other
SUDARCOLOR,Other
SUDARSCHEM,Other
SUDEEPPHRM,Other
SUKHJITS,Other
SULA,Other
SUMEETINDS,Other
SUMICHEM,Other
SUMIT,Other
SUMMITSEC,Other
SUNCLAY,Other
SUNDARAM,Other
SUNDARMFIN,Other
SUNDRMBRAK,Other
SUNDRMFAST,Other
SUNDROP,Other
SUNFLAG,Other
SUNPHARMA,Other
SUNTECK,Other
SUNTV,Other
SUPERHOUSE,Other
SUPERSPIN,Other
SUPRAJIT,Other
SUPREME,Other
SUPREMEENG,Other
SUPREMEIND,Other
SUPREMEINF,Other
SUPRIYA,Other
SURAJEST,Other
SURAJLTD,Other
SURAKSHA,Other
SURANASOL,Other
SURANAT&P,Other
SURYALAXMI,Other
SURYAROSNI,Other
SURYODAY,Other
SUTLEJTEX,Other
SUVEN,Other
SUVIDHAA,Other
SUYOG,Other
SUZLON,Other
SVLL,Other
SVPGLOB,Other
SWANCORP,Other
SWANDEF,Other
SWARAJENG,Other
SWELECTES,Other
SWIGGY,Other
SWSOLAR,Other
SYMPHONY,Other
SYNCOMF,Other
SYNGENE,Other
SYRMA,Other
SYSTMTXC,Other
TAINWALCHM,Other
TAJGVK,Other
TAKE,Other
TALBROAUTO,Other
TANLA,Other
TARACHAND,Other
TARAPUR,Other
TARC,Other
TARIL,Other
TARMAT,Other
TARSONS,Other
TASTYBITE,Other
TATACAP,Other
TATACHEM,Other
TATACOMM,Other
TATACONSUM,Other
TATAELXSI,Other
TATAINVEST,Other
TATAPOWER,Other
TATASTEEL,Other
TATATECH,Other
TATVA,Other
TBOTEK,Other
TBZ,Other
TCC,Other
TCI,Other
TCIEXP,Other
TCIFINANCE,Other
TCPLPACK,Other
TCS,Other
TDPOWERSYS,Other
TEAMGTY,Other
TEAMLEASE,Other
TECHM,Other
TECHNOE,Other
TECILCHEM,Other
TEGA,Other
TEJASNET,Other
TEMBO,Other
TENNIND,Other
TERASOFT,Other
TEXINFRA,Other
TEXMOPIPES,Other
TEXRAIL,Other
TFCILTD,Other
TFL,Other
TGBHOTELS,Other
THANGAMAYL,Other
THEINVEST,Other
THEJO,Other
THELEELA,Other
THEMISMED,Other
THERMAX,Other
THOMASCOOK,Other
THOMASCOTT,Other
THYROCARE,Other
TI,Other
TICL,Other
TIGERLOGS,Other
TIIL,Other
TIINDIA,Other
TIJARIA,Other
TIL,Other
TIMETECHNO,Other
TIMKEN,Other
TINNARUBR,Other
TIPSFILMS,Other
TIPSMUSIC,Other
TIRUMALCHM,Other
TIRUPATIFL,Other
TITAGARH,Other
TITAN,Other
TMB,Other
TMCV,Other
TMPV,Other
TNPETRO,Other
TNPL,Other
TNTELE,Other
TOKYOPLAST,Other
TOLINS,Other
TORNTPHARM,Other
TORNTPOWER,Other
TOTAL,Other
TOUCHWOOD,Other
TPHQ,Other
TPLPLASTEH,Other
TRACXN,Other
TRANSRAILL,Other
TRANSWORLD,Other
TRAVELFOOD,Other
TREEHOUSE,Other
TREJHARA,Other
TREL,Other
TRENT,Other
TRF,Other
TRIDENT,Other
TRIGYN,Other
TRITURBINE,Other
TRIVENI,Other
TRU,Other
TRUALT,Other
TSFINV,Other
TTKHLTCARE,Other
TTKPRESTIG,Other
TTL,Other
TTML,Other
TVSELECT,Other
TVSHLTD,Other
TVSMOTOR,Other
TVSSCS,Other
TVSSRICHAK,Other
TVTODAY,Other
TVVISION,Other
UBL,Other
UCAL,Other
UCOBANK,Other
UDS,Other
UEL,Other
UFBL,Other
UFLEX,Other
UFO,Other
UGARSUGAR,Other
UGROCAP,Other
UJJIVANSFB,Other
ULTRACEMCO,Other
UMAEXPORTS,Other
UMESLTD,Other
UMIYA-MRO,Other
UNICHEMLAB,Other
UNIDT,Other
UNIECOM,Other
UNIENTER,Other
UNIINFO,Other
UNIMECH,Other
UNIONBANK,Other
UNIPARTS,Other
UNITDSPR,Other
UNITECH,Other
UNITEDPOLY,Other
UNITEDTEA,Other
UNIVASTU,Other
UNIVCABLES,Other
UNIVPHOTO,Other
UNOMINDA,Other
UPL,Other
URAVIDEF,Other
URBANCO,Other
URJA,Other
USHAMART,Other
USK,Other
UTIAMC,Other
UTKARSHBNK,Other
UTLSOLAR,Other
UTTAMSUGAR,Other
UYFINCORP,Other
V2RETAIL,Other
VADILALIND,Other
VAIBHAVGBL,Other
VAISHALI,Other
VAKRANGEE,Other
VALIANTLAB,Other
VALIANTORG,Other
VARDHACRLC,Other
VARDMNPOLY,Other
VARROC,Other
VASCONEQ,Other
VASWANI,Other
VBL,Other
VCL,Other
VEDL,Other
VEEDOL,Other
VENKEYS,Other
VENTIVE,Other
VENUSPIPES,Other
VENUSREM,Other
VERANDA,Other
VERTOZ,Other
VESUVIUS,Other
VETO,Other
VGL,Other
VGUARD,Other
VHL,Other
VHLTD,Other
VIDHIING,Other
VIDYAWIRES,Other
VIJAYA,Other
VIJIFIN,Other
VIKASECO,Other
VIKASLIFE,Other
VIKRAMSOLR,Other
VIKRAN,Other
VIMTALABS,Other
VINATIORGA,Other
VINCOFE,Other
VINDHYATEL,Other
VINEETLAB,Other
VINNY,Other
VINYLINDIA,Other
VIPCLOTHNG,Other
VIPIND,Other
VIPULLTD,Other
VIRINCHI,Other
VISAKAIND,Other
VISASTEEL,Other
VISHNU,Other
VISHWARAJ,Other
VITAL,Other
VIVIDHA,Other
VIVIMEDLAB,Other
VIYASH,Other
VLEGOV,Other
VLSFINANCE,Other
VMART,Other
VMM,Other
VMSTMT,Other
VOLTAMP,Other
VOLTAS,Other
VPRPL,Other
VRAJ,Other
VRLLOG,Other
VSSL,Other
VSTIND,Other
VSTL,Other
VSTTILLERS,Other
VTL,Other
WAAREEENER,Other
WAAREEINDO,Other
WAAREERTL,Other
WABAG,Other
WAKEFIT,Other
WALCHANNAG,Other
WANBURY,Other
WCIL,Other
WEALTH,Other
WEBELSOLAR,Other
WEIZMANIND,Other
WEL,Other
WELCORP,Other
WELENT,Other
WELINV,Other
WELSPUNLIV,Other
WENDT,Other
WESTLIFE,Other
WEWIN,Other
WEWORK,Other
WHEELS,Other
WHIRLPOOL,Other
WILLAMAGOR,Other
WINDLAS,Other
WINDMACHIN,Other
WINSOME,Other
WIPL,Other
WIPRO,Other
WOCKPHARMA,Other
WONDERLA,Other
WORTHPERI,Other
WSI,Other
WSTCSTPAPR,Other
XCHANGING,Other
XELPMOC,Other
XPROINDIA,Other
XTGLOBAL,Other
YASHO,Other
YATHARTH,Other
YATRA,Other
YESBANK,Other
YUKEN,Other
ZAGGLE,Other
ZEEL,Other
ZEELEARN,Other
ZEEMEDIA,Other
ZENITHEXPO,Other
ZENITHSTL,Other
ZENSARTECH,Other
ZENTEC,Other
ZFCVINDIA,Other
ZIMLAB,Other
ZODIAC,Other
ZODIACLOTH,Other
ZOTA,Other
ZUARI,Other
ZUARIIND,Other
ZYDUSLIFE,Other
ZYDUSWELL,Other
